code,name
159695,通信ETF嘉实
515880,通信ETF国泰
159507,通信ETF广发
159242,创业板人工智能ETF大成
516780,稀土ETF华泰柏瑞
159246,创业板人工智能ETF富国
159382,创业板人工智能ETF南方
159583,通信ETF富国
159363,创业板人工智能ETF华宝
588010,科创新材料ETF博时
159509,纳指科技ETF景顺
588160,科创新材料ETF南方
159388,创业板人工智能ETF国泰
159279,创业板人工智能ETF华安
159107,创业板软件ETF富国
159243,创业板人工智能ETF招商
159381,创业板人工智能ETF华夏
516150,稀土ETF嘉实
515050,通信ETF华夏
159713,稀土ETF富国
159295,创业综指ETF西部利得
159511,通信ETF南方
159715,稀土ETF易方达
589180,科创新材料ETF汇添富
159994,通信ETF银华
159045,稀有金属ETF大成
561800,稀有金属ETF华富
159256,创业板软件ETF华夏
513500,标普500ETF博时
588020,科创成长ETF易方达
159608,稀有金属ETF广发
560690,电信ETF鹏华
588070,科创成长ETF万家
561250,稀有金属ETF鹏华
562800,稀有金属ETF嘉实
159671,稀有金属ETF工银
159062,稀有金属ETF南方
159055,稀有金属ETF富国
589700,科创成长ETF南方
560660,云计算50ETF新华
563010,电信ETF易方达
560300,电信ETF汇添富
159941,纳指ETF广发
561050,稀有金属ETF易方达
588110,科创成长ETF广发
159259,成长ETF易方达
159053,稀有金属ETF华夏
159869,游戏ETF华夏
159811,5GETF博时
588680,科创100增强ETF广发
513650,标普500ETF南方
516010,游戏ETF国泰
159967,创业板成长ETF华夏
159099,云计算ETF华宝
588210,科创100ETF易方达
588500,科创100增强ETF易方达
588030,科创100ETF博时
588220,科创100ETF鹏华
589330,科创200ETF东财
159739,云计算ETF鹏华
588690,科创增强ETF银华
159930,能源ETF汇添富
159139,科创创业人工智能ETF华泰柏瑞
516770,游戏ETF华泰柏瑞
589980,科创100ETF汇添富
159527,云计算ETF广发
516630,云计算ETF华夏
588820,科创200ETF华夏
159320,电网设备ETF广发
159890,云计算ETF招商
588800,科创100ETF华夏
513870,纳指ETF富国
588140,科创200ETF广发
513390,纳指100ETF博时
588190,科创100ETF银华
516510,云计算ETF易方达
513100,纳指ETF国泰
588230,科创200ETF华泰柏瑞
512220,TMTETF景顺
589780,科创200ETF富国
159660,纳指ETF汇添富
159655,标普500ETF华夏
589200,科创200ETF工银
563210,专精特新ETF富国
159556,中证2000增强ETF平安
159141,科创创业人工智能ETF永赢
513110,纳指ETF华泰柏瑞
588120,科创100ETF国泰
513850,美国50ETF易方达
516000,大数据ETF华夏
159140,科创创业人工智能ETF易方达
560860,工业有色ETF万家
515220,煤炭ETF国泰
588270,科创200ETF易方达
513300,纳斯达克ETF华夏
159018,石油ETF广发
159612,标普500ETF国泰
159577,美国50ETF汇添富
588980,科创100ETF广发
159613,信息安全ETF嘉实
588880,科创100ETF华泰柏瑞
159945,能源ETF广发
159162,工业有色ETF鹏华
589950,科创100ETF富国
588420,科创创业人工智能ETF摩根
159679,中证1000增强ETF国泰
510410,资源ETF博时
510770,G60创新ETF申万菱信
159696,纳指ETF易方达
159728,在线消费ETF南方
588900,科创100ETF南方
159171,工业有色ETF博时
560970,工业有色ETF平安
159659,纳斯达克100ETF招商
159552,中证2000增强ETF招商
589220,科创200ETF国泰
561380,电网设备ETF国泰
560490,工业有色ETF华泰柏瑞
159541,创业板综ETF万家
159022,科创创业人工智能ETF富国
159632,纳斯达克ETF华安
159142,科创创业人工智能ETF景顺
159597,创业板成长ETF易方达
588240,科创200ETF鹏华
159157,有色金属ETF天弘
159521,国证2000ETF平安
589420,科创芯片设计ETF永赢
588960,科创新能源ETF富国
159778,工业互联网ETF鹏华
159690,有色矿业ETF招商
589320,科创200ETF嘉实
159804,创中盘88ETF国寿
588470,科创创业人工智能ETF华安
159273,云计算ETF汇添富
588410,科创创业人工智能ETF鹏华
159168,有色ETF富国
589960,科创新能源ETF易方达
159513,纳斯达克100ETF大成
560390,电网设备ETF易方达
159183,新能源车ETF招商
588430,科创创业人工智能ETF工银
515400,大数据ETF富国
510170,大宗商品ETF国联安
159029,有色ETF广发
159881,有色金属ETF国泰
159555,中证2000增强ETF银华
159375,创业板50ETF国泰
517130,云计算ETF嘉实
563230,卫星ETF富国
530530,上证580ETF华夏
159667,工业母机ETF国泰
589270,科创100ETF前海开源
515980,人工智能ETF华富
159536,中证2000ETF汇添富
159326,电网设备ETF华夏
159949,创业板50ETF华安
159383,创业板50ETF华泰柏瑞
589400,科创芯片设计ETF富国
560870,工业有色ETF中银
589030,科创芯片设计ETF易方达
588390,科创创业ETF博时
159370,创50ETF工银
589820,科创200ETF建信
516700,大数据ETF华宝
589170,科创芯片设计ETF鹏华
159538,信创ETF富国
513880,日经225ETF华安
510720,红利国企ETF国泰
589250,科创芯片设计ETF浦银
159290,创业板综指增强ETF东财
561330,矿业ETF国泰
159291,创业板综增强ETF招商
562950,消费电子ETF易方达
159906,深成长ETF大成
588510,科创创业人工智能ETF华夏
159148,石油ETF富国
159032,工业有色ETF易方达
512770,战略新兴ETF华夏
159501,纳指ETF嘉实
159369,创业板50ETF易方达
159652,有色ETF汇添富
589290,科创芯片设计ETF汇添富
513520,日经ETF华夏
515040,工业有色ETF华夏
512630,卫星ETF广发
159367,创业板50ETF华夏
159780,科创创业50ETF南方
159814,创业大盘ETF西部利得
516800,智能制造ETF华宝
588830,科创新能源ETF鹏华
159247,创业板ETF汇添富
159373,创业板50ETF嘉实
530880,红利国企ETF银河
159049,有色ETF工银
512940,有色ETF华安
588850,科创机械ETF嘉实
159981,能源化工ETF建信
563050,央企科技ETF易方达
159908,创业板ETF博时
513000,日经225ETF易方达
159952,创业板ETF广发
562660,中证2000ETF华夏
159810,创业板ETF浦银
588910,科创价值ETF建信
159697,石油ETF鹏华
159013,工业互联网ETF大成
159663,机床ETF华夏
589210,科创芯片设计ETF广发
159572,创业板200ETF易方达
159218,卫星ETF招商
159676,创业板增强ETF富国
159675,创业板增强ETF嘉实
589350,科创芯片设计ETF银华
159680,中证1000增强ETF招商
159876,有色ETF华宝
159781,科创创业ETF易方达
159915,创业板ETF易方达
563530,卫星ETF易方达
159371,创业板50ETF富国
159205,创业板ETF东财
159895,物联网ETF易方达
512400,有色金属ETF南方
589600,科创综指ETF富国
159971,创业板ETF富国
588520,科创增强ETF永赢
589660,科创综指ETF南方
513400,道琼斯ETF鹏华
159957,创业板ETF华夏
561310,消电ETF国泰
588780,科创芯片设计ETF国联安
588300,科创创业50ETF招商
589070,科创芯片设计ETF天弘
588170,科创半导体ETF华夏
159819,人工智能ETF易方达
159681,创业板50ETF鹏华
159075,工业互联网ETF华夏
159977,创业板ETF天弘
589060,科创综指ETF东财
159948,创业板ETF南方
159163,有色ETF泰康
561600,消费电子ETF平安
159958,创业板ETF工银
159991,创业板大盘ETF招商
159871,有色ETF银华
159208,航空航天ETF万家
159682,创业板50ETF景顺
159178,消费电子ETF汇添富
159298,创业板50ETF大成
515260,电子ETF华宝
588530,科创创业人工智能ETF中银证券
159909,TMT50ETF招商
589260,科创芯片设计ETF国泰
588380,科创创业ETF富国
159563,创业板综ETF华夏
560470,有色ETF易方达
517520,黄金股ETF永赢
159026,石油ETF南方
588660,科创创业50ETF兴银
159665,半导体龙头ETF工银
159017,石油ETF工银
516650,有色金属ETF华夏
588310,科创创业ETF方正富邦
560290,有色ETF景顺
589500,科创综指ETF工银
159206,卫星ETF永赢
563300,中证2000ETF华泰柏瑞
563560,科技成长ETF兴业
159603,科创创业ETF天弘
159703,新材料ETF天弘
588360,科创创业ETF国泰
561100,消费电子ETF富国
589680,科创综指ETF鹏华
159821,创业板ETF中银证券
588710,科创半导体设备ETF华泰柏瑞
159782,双创50ETF银华
159516,半导体设备ETF国泰
561780,1000增强ETF博时
515070,人工智能ETF华夏
588330,双创50ETF华宝
560170,央企科技ETF南方
588400,科创创业ETF嘉实
159779,消费电子ETF招商
159322,黄金股ETF平安
159944,材料ETF广发
589580,科创综指ETF兴银
588320,双创50增强ETF广发
159801,芯片ETF广发
159763,新材料ETF建信
589000,科创综指ETF华夏
563200,中证2000ETF富国
159743,湖北ETF博时
512930,AI人工智能ETF平安
516050,科技龙头ETF工银
159995,芯片ETF华夏
159956,创业板ETF建信
159532,中证2000ETF易方达
159732,消费电子ETF华夏
159687,亚太精选ETF南方
159866,日经ETF工银
159315,黄金股ETF工银
159195,石油ETF华安
563870,通用航空ETF鹏华
159197,石油ETF招商
561550,中证500增强ETF华泰柏瑞
159325,半导体ETF南方
562820,集成电路ETF嘉实
512670,国防ETF鹏华
588350,科创创业50ETF鹏扬
159588,石油ETF景顺
562560,信息技术ETF华夏
517390,云计算ETF天弘
159019,石油ETF华宝
516330,物联网ETF华泰柏瑞
159569,港股红利低波ETF景顺
159546,集成电路ETF国泰
159227,航空航天ETF华夏
158009,航空航天ETF南方
589860,科创综指ETF天弘
159709,物联网ETF工银
159628,国证2000ETF万家
159241,航空航天ETF天弘
562590,半导体设备ETF华夏
563380,航空航天ETF华泰柏瑞
159620,中证500成长ETF华夏
159738,云计算ETF华泰柏瑞
562920,信息安全ETF易方达
512480,半导体ETF国联安
159372,创业板50ETF万家
159761,新材料ETF国泰
515000,科技ETF华宝
159880,有色ETF鹏华
560780,半导体设备ETF广发
159531,中证2000ETF南方
159153,消费电子ETF鹏华
159248,人工智能ETF万家
563790,卫星ETF鹏华
159309,油气ETF汇添富
159289,创业板综指ETF鹏华
159535,中证2000ETF嘉实
159573,创业板200ETF华夏
589800,科创综指ETF易方达
512710,军工龙头ETF富国
159939,信息技术ETF广发
589050,科创综指ETF兴业
159783,科创创业50ETF华夏
159813,半导体ETF鹏华
159558,半导体设备ETF易方达
589390,科创芯片设计ETF招商
159845,中证1000ETF华夏
516710,新材料ETF华夏
159261,创业板新能源ETF鹏华
516300,中证1000ETF华泰柏瑞
517400,黄金股ETF国泰
562030,信创ETF华宝
159327,半导体设备ETF万家
589880,科创综指ETF建信
589100,科创芯片ETF国泰
560010,中证1000ETF广发
159571,创业板200ETF富国
589890,科创综指ETF景顺
159773,创业板科技ETF华泰柏瑞
159562,黄金股ETF华夏
159685,1000增强ETF天弘
159012,科创创业50ETF鹏华
520550,港股红利低波ETF招商
589770,科创综指ETF招商
159505,国证2000ETF博时
159706,深证100ETF华安
159533,中证2000ETF博时
159543,国证2000ETF工银
513800,日本东证指数ETF南方
516260,物联网ETF华夏
561460,人工智能ETF天弘
159638,高端装备ETF嘉实
159678,500增强ETF博时
159077,电池ETF鑫元
510880,红利ETF华泰柏瑞
159270,创业板200ETF南方
159701,物联网ETF招商
159181,石油ETF易方达
563030,中证500增强ETF易方达
159220,港股通红利低波ETF华宝
516920,芯片ETF汇添富
530100,上证580ETF易方达
159998,计算机ETF天弘
560410,电池ETF鹏华
589900,科创综指ETF博时
159283,通用航空ETF南方
159677,中证1000增强ETF银华
560100,中证500增强ETF南方
159292,创业板综增强ETF华宝
561590,中证1000增强ETF华泰柏瑞
159875,新能源ETF嘉实
588750,科创芯片ETF汇添富
159321,黄金股ETF华安
588200,科创芯片ETF嘉实
588810,科创芯片ETF富国
159808,创100ETF融通
516360,新材料ETF华宝
159997,电子ETF天弘
159249,A500增强ETF工银
159293,创业板综增强ETF建信
589280,科创增强ETF华宝
159560,芯片ETF景顺
561360,石油ETF国泰
159633,中证1000ETF易方达
159964,创业板ETF平安
159331,红利港股ETF国泰
520660,港股通央企红利ETF南方
563150,油气ETF银华
520900,港股通红利ETF广发
512870,杭州湾区ETF南华
159529,标普消费ETF景顺
589080,科创综指ETF汇添富
159985,豆粕ETF华夏
520890,港股通红利低波ETF华泰柏瑞
159836,创业板300ETF天弘
561760,油气ETF博时
159786,VRETF银华
515030,新能源车ETF华夏
159540,信创ETF易方达
159553,中证2000增强ETF海富通
515700,新能源车ETF平安
159500,中证500ETF富国
159288,创业板综ETF银华
516350,芯片ETF易方达
159267,航天ETF华安
159189,石油ETF华夏
512370,A500增强ETF华夏
159368,创业板新能源ETF华夏
563930,上证增强ETF招商
517090,央企共赢ETF国泰
589300,科创综指ETF嘉实
561950,中证500增强ETF招商
589020,科创半导体设备ETF鹏华
515320,电子50ETF华安
515530,中证500ETF泰康
588460,科创50增强ETF鹏华
159155,电池ETF大成
513950,恒生红利ETF富国
515860,科技ETF嘉实
560220,中证2000ETF广发
159629,中证1000ETF富国
561980,半导体设备ETF招商
159575,创业板200ETF银华
159806,新能源车ETF国泰
159310,芯片ETF天弘
159918,中创400ETF嘉实
562380,央企科技ETF银华
588290,科创芯片ETF华安
512100,中证1000ETF南方
159966,创业板价值ETF华夏
512760,芯片ETF国泰
589990,科创综指ETF华泰柏瑞
159385,数字经济ETF富国
159537,信创ETF国泰
159127,港股通红利ETF南方
159287,创业板综ETF博时
159311,数字经济ETF易方达
515210,钢铁ETF国泰
560110,中证1000ETF汇添富
561570,油气ETF华泰柏瑞
520990,港股央企红利ETF景顺
588920,科创芯片ETF鹏华
513530,港股通红利ETF华泰柏瑞
562520,中证1000成长ETF华夏
512680,军工ETF广发
588890,科创芯片ETF南方
159582,半导体ETF博时
159755,电池ETF广发
159840,锂电池ETF工银
159891,医疗ETF建信
561370,中证2000ETF国泰
560850,信创ETF汇添富
588990,科创芯片ETF博时
588450,科创50增强ETF招商
159245,港股通消费ETF富国
516580,新能源ETF博时
510560,中证500ETF国寿
159775,电池ETF建信
589130,科创芯片ETF易方达
513820,港股通红利ETF汇添富
159539,信创ETF广发
563600,A500增强ETF易方达
159035,软件ETF天弘
159545,恒生红利低波ETF易方达
159257,航空ETF汇添富
159190,创业板新能源ETF天弘
159255,通用航空ETF易方达
563320,通用航空ETF华泰柏瑞
589160,科创芯片ETF广发
159199,石油ETF平安
159160,电池ETF东财
512950,央企改革ETF华夏
159335,央企科创ETF融通
513920,港股通央企红利ETF华安
159796,电池ETF汇添富
159076,创业板新能源ETF华宝
512810,军工ETF华宝
512460,电池ETF华夏
159187,创业板新能源ETF景顺
560710,船舶ETF富国
159599,芯片ETF东财
560980,光伏龙头ETF广发
513630,港股低波红利ETF摩根
516390,新能源车ETF汇添富
513690,港股红利ETF博时
159329,沙特ETF南方
588100,科创信息ETF嘉实
159156,电池ETF万家
510550,中证500ETF方正富邦
560950,中证500增强ETF汇添富
510510,中证500ETF广发
516160,新能源ETF南方
159066,A股ETF建信
560800,数字经济ETF鹏扬
589110,科创人工智能ETF国泰
517180,中国国企ETF南方
159559,机器人ETF景顺
159361,A500ETF易方达
516640,芯片ETF富国
561910,电池ETF招商
561890,A股ETF易方达
159302,港股高股息ETF银华
516090,新能源ETF易方达
159658,数字经济ETF华安
561160,电池ETF富国
159387,创业板新能源ETF国泰
515080,中证红利ETF招商
159226,中证A500增强ETF国泰
158006,化工ETF博时
159943,深证成指ETF大成
159725,线上消费ETF工银
512510,中证500ETF华泰柏瑞
159719,国企ETF平安
159896,物联网ETF南方
159581,红利ETF万家
159767,电池龙头ETF兴银
516890,新材料ETF平安
159106,民企300ETF前海开源
510530,中证500ETF工银
512330,信息科技ETF南方
159757,电池ETF景顺
589630,科创综指ETF国泰
159637,新能源车ETF东财
159824,新能源车ETF博时
588260,科创信息ETF华安
560630,机器人ETF万家
512660,军工ETF国泰
515580,科技100ETF华泰柏瑞
159526,机器人ETF嘉实
516120,化工ETF富国
513730,东南亚科技ETF华泰柏瑞
562010,绿色能源ETF华宝
510130,上证中盘ETF易方达
159518,标普油气ETF嘉实
516380,智能电动车ETF华宝
516270,新能源ETF华安
159656,沪深300成长ETF万家
159078,A股ETF富国
515920,智能消费ETF博时
159122,创业板新能源ETF富国
510570,中证500ETF兴业
561350,中证500ETF国泰
159731,石化ETF华夏
159389,数字经济ETF嘉实
159752,新能源ETF申万菱信
561220,数字经济ETF工银
159277,港股通红利ETF富国
159523,沪深300成长ETF华夏
159392,航空ETF富国
515160,MSCI中国ETF招商
159352,A500ETF南方
589190,科创芯片ETF华宝
589560,科创人工智能ETF汇添富
560770,机器人ETF招商
159215,A500ETF平安
159108,工业软件ETF博时
516660,新能源车ETF华安
510140,上证综指ETF华夏
520810,港股通红利ETF易方达
159901,深证100ETF易方达
159973,民企ETF弘毅远方
159770,机器人ETF天弘
159820,中证500ETF天弘
515910,质量ETF中金
159852,软件ETF嘉实
159589,红利ETF广发
563060,央企50ETF易方达
512560,军工ETF易方达
510380,沪深300ETF国寿
515230,软件ETF国泰
159337,中证500ETF东财
562310,沪深300成长ETF银华
562930,软件ETF易方达
512960,央企结构调整ETF博时
562880,电池ETF嘉实
563900,300自由现金流ETF摩根
515360,沪深300ETF方正富邦
588730,科创人工智能ETF易方达
513170,恒生央企ETF鹏华
560070,央企红利ETF汇添富
561060,国企红利ETF华安
513830,港股通高股息ETF嘉实
510580,中证500ETF易方达
560700,央企红利ETF广发
159691,港股红利ETF工银
159265,港股消费ETF鹏华
561280,中证1000增强ETF工银
159285,港股通消费ETF华安
159959,央企ETF银华
512380,MSCI中国ETF银华
512720,计算机ETF国泰
515110,一带一路ETF易方达
560510,中证A500ETF泰康
159922,中证500ETF嘉实
515190,中证500ETF中银证券
159272,机器人ETF富国
588790,科创AIETF博时
561960,央企回报ETF招商
159551,机器人ETF国泰
159145,工业软件ETF广发
510500,中证500ETF南方
515790,光伏ETF华泰柏瑞
516020,化工ETF华宝
159039,机器人ETF华安
159386,A500ETF永赢
159903,深成ETF南方
159610,中证500增强ETF景顺
159240,A500增强ETF天弘
159149,创业板新能源ETF工银
159147,电池ETF南方
159590,软件ETF汇添富
516220,化工ETF国泰
520610,港股红利低波ETF银华
561660,通用航空ETF平安
516850,新能源ETF华夏
520520,恒生消费ETF华泰柏瑞
563330,A股ETF华泰柏瑞
159230,通用航空ETF华夏
515890,红利ETF博时
588480,科创创业人工智能ETF中金
515180,红利ETF易方达
562570,信创ETF华夏
159935,中证500ETF景顺
159278,机器人ETF鹏华
159912,深300ETF汇添富
513910,港股通央企红利ETF华夏
516570,化工行业ETF易方达
159216,深证100ETF大成
510590,中证500ETF平安
562500,机器人ETF华夏
159211,深证100ETF富国
517800,人工智能50ETF方正富邦
515350,沪深300ETF民生加银
561420,300现金流ETF汇添富
563890,国企红利ETF创金合信
159378,通用航空ETF永赢
588180,科创50ETF国联安
560020,红利ETF汇添富
563750,中证500ETF汇添富
588060,科创50ETF广发
159213,机器人ETF汇添富
588050,科创50ETF工银
159716,深证100ETF华宝
159519,港股国企ETF国泰
159856,互联网龙头ETF工银
159515,国企红利ETF鹏扬
588720,科创50ETF中银
560180,沪深300ESGETF南方
588150,科创50ETF南方
563880,A500ETF汇添富
560360,软件ETF万家
588770,科创信息ETF摩根
562080,300现金流ETF华宝
159353,中证A500ETF景顺
510760,上证指数ETF国泰
159358,中证A500ETF大成
159356,A500ETF万家
159379,A500ETF融通
159380,A500ETF东财
512650,长三角ETF汇添富
563500,A500ETF华宝
159333,港股央企红利ETF万家
159606,中证500成长ETF易方达
159902,中小100ETF华夏
515380,沪深300ETF泰康
563630,A500增强ETF国联安
159359,A500ETF华安
159720,智能车ETF泰康
589380,科创人工智能ETF富国
588550,科创综指增强ETF易方达
159899,软件ETF招商
159857,光伏ETF天弘
589010,科创人工智能ETF华夏
159982,中证500ETF鹏华
159800,中证800ETF鹏华
516880,光伏ETF银华
159975,深100ETF招商
512520,MSCI中国ETF华泰柏瑞
560910,电池ETF华泰柏瑞
512980,传媒ETF广发
159870,化工ETF鹏华
588930,科创人工智能ETF银华
562910,高端制造ETF易方达
515370,光伏ETF华夏
515550,中证500ETF国联
159048,机器人ETF大成
520830,沙特ETF华泰柏瑞
159009,创业板新能源ETF易方达
159143,港股通央企红利ETF平安
512500,中证500ETF华夏
159050,机器人ETF广发
159266,港股央企红利ETF永赢
510360,沪深300ETF广发
588000,科创50ETF华夏
560370,红利质量ETF易方达
159175,电池ETF易方达
159087,化工ETF万家
516320,高端装备ETF华夏
561190,碳中和ETF富国
159623,成渝经济圈ETF博时
512990,MSCIA股ETF华夏
159068,软件ETF华夏
561990,沪深300增强ETF招商
561630,红利质量ETF华泰柏瑞
159980,有色ETF大成
159721,深证100ETF永赢
516970,基建ETF广发
516590,智能汽车ETF易方达
516520,智能驾驶ETF华泰柏瑞
159586,计算机ETF南方
561300,沪深300增强ETF国泰
562360,机器人ETF银华
159069,创业板新能源ETF华泰柏瑞
589090,科创AIETF鹏华
159129,化工ETF嘉实
159357,A500ETF博时
561770,A100ETF博时
159686,A100ETF易方达
563360,A500ETF华泰柏瑞
560530,中证A500ETF摩根
159238,沪深300增强ETF景顺
560610,A500ETF招商
561090,A500增强ETF华安
159338,中证A500ETF国泰
512020,A500ETF鹏华
512050,A500ETF华夏
563800,A500ETF广发
510320,沪深300ETF中金
159673,沪深300ETF鹏华
510980,上证指数ETF汇添富
159360,A500ETF天弘
560750,A500ETF申万菱信
512970,大湾区ETF平安
159376,A500ETF浦银
159530,机器人ETF易方达
159517,中证800增强ETF银华
563280,A50增强ETF富国
512530,沪深300红利ETF建信
515680,央企创新ETF嘉实
588670,科创综指增强ETF嘉实
515130,沪深300ETF博时
561930,沪深300ETF招商
588090,科创50ETF华泰柏瑞
513810,港股国企ETF华夏
515810,中证800ETF易方达
588370,科创50增强ETF南方
515600,央企创新ETF广发
512180,MSCIA股ETF建信
588870,科创50ETF汇添富
515750,科技50ETF富国
159300,沪深300ETF富国
159961,深100ETF方正富邦
511970,国寿货币ETF
511810,货币ETF南方
511700,货币ETF平安
511670,华泰天天金ETF
511620,货币ETF国泰
511660,货币ETF建信
511950,添利货币ETF广发
511600,华安日日鑫ETF
511910,融通货币ETF
511860,货币ETF博时
511850,招商财富宝ETF
511900,富国货币ETF
511880,银华日利ETF
511820,鹏华添利ETF
511980,货币ETF汇添富
511990,华宝添益ETF
511690,交易货币ETF大成
159119,800现金流ETF招商
159133,化工ETF天弘
588840,科创50ETF万家
159121,港股通汽车ETF易方达
159123,光伏ETF嘉实
520730,港股通汽车ETF万家
159001,货币ETF易方达
510270,国企ETF中银
530380,上证380ETF易方达
159003,招商快线ETF
515800,中证800ETF汇添富
530060,上证指数ETF易方达
560060,碳中和ETF汇添富
516180,光伏ETF平安
159729,互联网ETF汇添富
159735,港股消费ETF银华
159699,恒生消费ETF广发
516290,光伏ETF汇添富
516190,传媒ETF华夏
515990,一带一路ETF汇添富
515330,沪深300ETF天弘
159712,港股通50ETF国泰
563830,全指现金流ETF博时
560310,光伏ETF博时
588760,科创人工智能ETF广发
159864,光伏ETF国泰
517950,沪深港科技50ETF交银
159925,沪深300ETF南方
511830,货币ETF华泰柏瑞
561920,疫苗ETF招商
159399,现金流ETF国泰
159093,化工ETF汇添富
589520,科创人工智能ETF华宝
561900,沪深300ESGETF招商
511920,货币ETF广发
589150,科创50ETF平安
589310,科创人工智能ETF鑫元
159052,新能源电池ETF嘉实
513310,中韩半导体ETF华泰柏瑞
159239,港股通汽车ETF富国
159231,通用航空ETF华宝
560590,中证1000增强ETF鹏华
159219,深证100ETF融通
159225,现金流ETF银华
588080,科创50ETF易方达
159268,港股通消费ETF汇添富
159330,沪深300ETF东财
562970,光伏ETF易方达
159351,A500ETF嘉实
511770,金鹰增益货币ETF
511800,易方达货币ETF
560500,500质量成长ETF鹏扬
159609,光伏ETF浦银
513230,港股通消费ETF华夏
159630,A100ETF汇添富
511650,货币ETF华夏
560810,央企ESGETF融通
510350,沪深300ETF工银
560650,核心50ETF民生加银
561180,A100ETF富国
513070,港股通消费ETF易方达
159362,A500ETF工银
159339,A500ETF银华
512080,A500ETF中金
512160,MSCI中国A股ETF南方
512150,富时A50ETF汇安
159281,港股央企红利ETF天弘
511930,货币ETF国联
511960,货币ETF嘉实
159005,快钱ETF汇添富
563520,沪深300ETF永赢
520580,新兴亚洲ETF招商
515660,沪深300ETF国联安
510310,沪深300ETF易方达
159919,沪深300ETF嘉实
510330,沪深300ETF华夏
159923,中证A100ETF大成
512090,MSCIA股ETF易方达
159974,央企创新ETF富国
510300,沪深300ETF华泰柏瑞
589850,科创50ETF东财
589550,科创价值ETF华夏
512910,A100ETF广发
159661,A100ETF嘉实
515390,沪深300ETF华安
159726,港股通高股息ETF华夏
515310,沪深300ETF汇添富
588280,科创50ETF华安
563660,A500ETF银河
562850,央企能源ETF嘉实
563220,A500ETF富国
563860,中证A500ETF海富通
512040,价值ETF富国
512580,环保ETF广发
561580,央企红利ETF华泰柏瑞
159547,红利低波ETF华夏
159907,国证2000ETF广发
563020,红利低波ETF易方达
159601,A50ETF华夏
159525,红利低波ETF富国
159970,深100ETF工银
560050,中国A50ETF汇添富
159791,300ESGETF华夏
159276,现金流ETF汇添富
159758,红利质量ETF华夏
530680,上证180ETF兴业
510990,180ESGETF工银
159258,机器人ETF南方
159209,红利质量ETF招商
515250,智能汽车ETF富国
159051,医疗器械ETF易方达
159807,科技ETF易方达
510910,上证指数ETF南方
159131,港股通信息技术ETF华宝
561620,化工ETF华泰柏瑞
159037,价值ETF鹏华
159036,软件开发ETF华宝
159642,碳中和ETF大成
510210,上证指数ETF富国
562990,碳中和ETF易方达
510670,上证180ETF华夏
159566,储能电池ETF易方达
517080,沪港深500ETF汇添富
588950,科创50ETF景顺
588940,科创50ETF富国
589230,科创人工智能ETF南方
589360,科创50ETF国泰
561010,软件ETF华安
159640,碳中和龙头ETF工银
515460,红利质量ETF南方
526030,港股通信息技术ETF汇添富
510160,产业升级ETF南方
159968,中证500ETF博时
159305,储能电池ETF广发
561500,漂亮50ETF华泰柏瑞
159350,深证50ETF富国
515900,央企创新ETF博时
159212,深100ETF南方
517880,品牌消费ETF华泰柏瑞
159028,港股汽车ETF天弘
560880,家电ETF广发
159203,大盘成长ETF博时
562890,A50ETF嘉实
563090,上证50增强ETF易方达
159885,碳中和ETF鹏华
562340,中证500成长ETF银华
159591,A50ETF富国
159996,家电ETF国泰
512260,中证500低波动ETF华安
517850,张江ETF汇添富
159797,医疗器械ETF汇添富
510290,上证380ETF南方
563650,中证A500ETF兴业
513350,标普油气ETF富国
563550,A500增强ETF摩根
560350,中证A50ETF摩根
561790,央企能源ETF博时
562000,A100ETF华宝
159631,A100ETF招商
563990,800现金流ETF富国
159805,传媒ETF鹏华
517030,沪港深300ETF易方达
562810,上证指数增强ETF嘉实
159221,现金流ETF嘉实
159863,光伏ETF鹏华
516070,低碳ETF易方达
159201,自由现金流ETF华夏
510010,180治理ETF交银
510850,上证50ETF工银
516720,ESGETF浦银
563000,中国A50ETF易方达
512890,红利低波ETF华泰柏瑞
159332,央企红利ETF富国
530180,上证180ETF易方达
159602,中国A50ETF南方
159873,医疗设备ETF天弘
159328,家电ETF易方达
510370,沪深300ETF兴业
561430,红利质量ETF博时
159576,深证100ETF广发
516830,沪深300ESGETF富国
562070,沪深300指增ETF华宝
159136,A50ETF广发
561490,红利质量ETF财通
515590,500等权ETF前海开源
159085,价值ETF永赢
561200,中证A100ETF工银
560730,红利低波ETF国泰海通
560250,红利质量ETF富国
516530,物流ETF银华
159641,碳中和ETF招商
563350,A50ETF华泰柏瑞
159619,基建ETF国泰
159118,港股通红利低波ETF华夏
510800,上证50ETF建信
515760,浙江国资ETF华夏
159593,中证A50ETF平安
159595,中证A50ETF大成
159561,德国ETF嘉实
512550,富时A50ETF嘉实
520750,港股通信息ETF华富
510710,上证50ETF博时
560790,软件ETF鹏华
589410,科创人工智能ETF嘉实
515200,创新100ETF申万菱信
515300,300红利低波ETF嘉实
561000,沪深300增强ETF华安
159627,A100ETF华夏
159550,互联网ETF东财
512060,A100ETF天弘
159196,港股通信息技术ETF易方达
159222,自由现金流ETF易方达
159528,国企改革ETF富国
516230,光伏ETF招商
159235,中证现金流ETF大成
561750,A50ETF博时
159621,ESGETF国泰
530580,上证180ETF南方
159549,红利低波ETF天弘
530050,上证50ETF东财
516910,物流ETF富国
513590,港股通消费ETF鹏华
159306,汽车零部件ETF平安
563180,高股息ETF银华
512130,全指现金流ETF鹏华
560230,光伏ETF富国
560150,红利低波ETF泰康
526050,港股通信息技术ETF招商
517010,沪港深500ETF易方达
513080,法国ETF华安
510180,上证180ETF华安
512410,银行ETF广发
515480,红利低波100ETF南方
159717,ESGETF鹏华
515770,MSCI中国A股ETF摩根
562580,可选消费ETF华夏
159888,智能汽车ETF华夏
512360,MSCIA股ETF平安
159355,800红利低波ETF华宝
515840,食品ETF南方
563700,红利价值ETF易方达
562860,疫苗ETF嘉实
563080,中证A50ETF易方达
516950,基建ETF银华
159592,A50ETF银华
510950,上证50ETF广发
510390,沪深300ETF平安
563690,红利低波ETF永赢
561680,A500红利低波ETF平安
561230,中证A50ETF工银
159083,红利低波100ETF嘉实
560550,碳中和ETF广发
517660,物联网ETF天弘
563960,300质量ETF兴全
517300,沪港深300ETF国寿
561450,红利低波50ETF华泰柏瑞
560720,红利低波100ETF工银
517160,长江保护ETF南方
561120,家电ETF富国
159188,红利100ETF景顺
530080,上证180ETF天弘
561260,能源ETF工银
520710,港股通信息技术ETF广发
560160,食品ETF易方达
159510,沪深300价值ETF华夏
159229,自由现金流ETF广发
159889,智能汽车ETF国泰
159232,自由现金流ETF南方
159795,智能汽车ETF汇添富
517200,互联网ETF嘉实
159653,ESG300ETF国联安
516960,机械ETF国泰
561080,全指现金流ETF华安
561870,现金流全指ETF华富
588040,科创50ETF鹏华
563760,全指现金流ETF中银
159210,港股通汽车ETF汇添富
159185,港股通信息技术ETF鹏华
159071,新能源电池ETF华宝
159223,现金流ETF永赢
159166,现金流ETF长城
513970,恒生消费ETF景顺
159150,深证50ETF易方达
515450,红利低波50ETF南方
530000,上证50ETF天弘
159193,新能源电池ETF银华
520620,恒生消费ETF嘉实
563580,自由现金流800ETF万家
159965,央视50ETF国联
513240,港股通信息技术ETF华安
159180,软件ETF银华
562600,医疗器械ETF华夏
516790,医疗ETF华泰柏瑞
159323,港股通汽车ETF华夏
560670,银行ETF华泰柏瑞
159198,港股通信息技术ETF富国
520720,港股汽车ETF国泰
560280,工程机械ETF广发
515150,一带一路ETF富国
560380,A100ETF南方
159777,创科技ETF国联安
517100,沪港深500ETF富国
562530,中证1000价值ETF华夏
520600,港股通汽车ETF广发
159098,价值ETF招商
159079,价值ETF兴全
159117,港股通红利低波ETF鹏华
530300,上证180ETF华泰柏瑞
512390,中国低波ETF平安
517170,沪港深500ETF华夏
159635,基建ETF华夏
512420,工程机械ETF华安
159186,港股通汽车ETF鹏华
159296,A500红利低波ETF华宝
159176,家电ETF华宝
159042,价值ETF汇添富
510100,上证50ETF易方达
517900,银行AH优选ETF招商
589720,科创创新药ETF国泰
562700,汽车零部件ETF华夏
530800,上证180ETF银华
159790,碳中和ETF华夏
516460,现金流ETF800鹏华
563390,全指现金流ETF华泰柏瑞
563590,A500红利低波动ETF国寿
159021,大盘价值ETF华夏
563780,现金流全指ETF方正富邦
510020,超大盘ETF博时
159886,机械ETF富国
159233,自由现金流ETF平安
515640,家电ETF华夏
512750,基本面50ETF嘉实
510060,央企ETF工银
560420,食品ETF前海开源
560320,食品ETF富国
159065,工程机械ETF景顺
560130,食品ETF鹏华
159182,家电ETF南方
510040,上证180ETF鹏华
513360,教育ETF博时
512240,A50ETF鹏华
159883,医疗器械ETF永赢
510090,责任ETF建信
512030,中证A50增强ETF易方达
159596,A50ETF华宝
516610,医疗设备ETF大成
588250,科创医药ETF鹏华
562320,沪深300价值ETF银华
561880,A100ETF华富
510190,上证50ETF华安
520870,巴西ETF易方达
159905,红利ETF工银
159390,中证A50ETF国联
520780,港股通汽车ETF华宝
159056,医疗器械ETF富国
562330,中证500价值ETF银华
159057,医疗器械ETF鹏华
560330,沪深300价值ETF申万菱信
159913,深价值ETF交银
159307,红利低波100ETF博时
510600,上证50ETF申万菱信
562060,标普A股红利ETF华宝
561020,食品ETF招商
561810,医疗器械ETF华泰柏瑞
159091,港股通金融ETF易方达
512250,A50ETF招商
526000,港股通信息技术ETF华夏
510680,上证50ETF万家
560570,A500红利ETF国联安
563510,A500红利低波ETF易方达
159236,自由现金流ETF工银
159336,央企红利ETF融通
517330,长江保护ETF易方达
159177,工程机械ETF鹏华
516440,工程机械ETF南方
563850,食品ETF广发
159639,碳中和ETF南方
516250,工程机械ETF富国
520770,恒指港股通ETF建信
517350,沪港深科技ETF广发
510050,上证50ETF华夏
159010,港股通科技ETF博时
159565,汽车零部件ETF易方达
159887,银行ETF富国
159138,工程机械ETF易方达
560030,800价值ETF汇添富
159393,沪深300ETF万家
159151,食品ETF华夏
561130,国货ETF富国
588130,科创医药ETF华夏
589120,科创创新药ETF汇添富
563620,全指现金流ETF兴业
588700,科创医药ETF嘉实
513030,德国ETF华安
159861,碳中和50ETF国泰
159877,医疗ETF南方
159237,港股汽车ETF工银
159936,可选消费ETF广发
515100,红利低波100ETF景顺
159100,巴西ETF华夏
512820,银行ETF汇添富
560820,中证A50ETF新华
515970,工程机械ETF华夏
159228,红利低波ETF长城
515020,银行ETF华夏
560560,碳中和ETF泰康
517050,互联网ETF华泰柏瑞
159578,深证主板50ETF南方
562300,碳中和ETF银华
510030,价值ETF华宝
510810,上海国企ETF汇添富
159542,工程机械ETF大成
517000,沪港深500ETF银华
563770,全指现金流ETF招商
560990,科技先锋ETF中金
563680,800现金流ETF汇添富
520940,港股通恒生ETF华安
560920,工程机械ETF招商
520680,港股通汽车ETF南方
512700,银行ETF南方
159793,线上消费ETF平安
512730,银行ETF鹏华
159263,价值ETF易方达
563980,800红利低波ETF鑫元
513990,港股通ETF招商
159723,科技龙头ETF汇添富
159126,港股通50ETF南方
159391,大盘价值ETF博时
560520,红利低波100ETF大成
561320,交运ETF国泰
560120,中证500现金流ETF华夏
159910,基本面120ETF嘉实
561030,工程机械ETF华泰柏瑞
159787,建材ETF易方达
512190,浙商之江凤凰ETF
159730,家电ETF博时
159711,港股通50ETF华夏
516310,银行ETF易方达
159872,智能网联汽车ETF鹏华
588860,科创医药ETF工银
513090,香港证券ETF易方达
159666,交通运输ETF华夏
159271,恒生ETF鹏华
159161,工程机械ETF东财
516210,银行ETF华安
159708,红利ETF西部利得
530280,上证180ETF平安
512800,银行ETF华宝
159940,金融地产ETF广发
520820,恒指港股通ETF汇添富
159954,恒生中国企业ETF南方
159931,金融地产ETF汇添富
510230,金融ETF国泰
520960,恒指港股通ETF嘉实
516600,消费服务ETF工银
159657,疫苗ETF鹏华
515960,医药ETF嘉实
159851,金融科技ETF华宝
513190,港股通金融ETF华夏
159365,恒指港股通ETF富国
513660,恒生ETF华夏
526070,恒指港股通ETF博时
159662,交运ETF南方
159788,港股通100ETF易方达
159070,工程机械ETF嘉实
159253,银行ETF博时
515290,银行ETF天弘
159933,金融地产ETF国投瑞银
159318,恒指港股通ETF银华
512640,金融地产ETF嘉实
159377,创业板医药ETF国泰
516100,金融科技ETF华夏
520560,香港大盘30ETF华宝
516750,建材ETF富国
159033,粮食ETF国泰
159920,恒生ETF华夏
517770,游戏传媒ETF浦银
159207,高股息ETF广发
159152,港股通科技ETF平安
510650,金融地产ETF华夏
516110,汽车ETF国泰
560080,中药ETF汇添富
516500,生物科技ETF华夏
513550,港股通50ETF华泰柏瑞
520980,港股通科技ETF汇添富
159616,农牧ETF建信
513900,港股通100ETF华安
513600,恒生指数ETF南方
513160,港股科技ETF银华
159828,医疗ETF国泰
561400,畜牧养殖ETF鑫元
159120,港股通科技ETF国联安
159508,生物医药ETF华安
516860,金融科技ETF博时
159038,粮食ETF易方达
510200,上证券商ETF汇安
159960,恒生中国企业ETF平安
159916,基本面ETF建信
159849,生物科技ETF招商
159192,家电ETF汇添富
159859,生物医药ETF天弘
159847,医疗ETF易方达
159837,生物科技ETF易方达
520950,港股通50ETF摩根
513140,港股通金融ETF华泰柏瑞
510900,恒生中国企业ETF易方达
159760,医疗健康ETF泰康
510150,消费ETF招商
159109,恒生50ETF景顺
159587,粮食ETF广发
159850,恒生国企ETF华夏
159016,证券ETF广发
515090,可持续发展ETF博时
159736,食品饮料ETF天弘
562050,药ETF华宝
513210,恒生ETF易方达
516550,农业ETF嘉实
516130,消费龙头ETF华宝
159839,生物医药ETF汇添富
520840,港股通恒生科技ETF华安
159312,恒指港股通ETF广发
515120,创新药ETF广发
517360,沪港深科技ETF华安
159938,医药ETF广发
159618,光伏ETF华安
159643,疫苗ETF国泰
159269,港股通科技ETF南方
159063,粮食ETF南方
513040,港股通互联网ETF易方达
562510,旅游ETF华夏
518800,黄金ETF国泰
515170,食品饮料ETF华夏
159830,金ETF天弘
517550,沪港深消费龙头ETF招商
159060,粮食ETF浦银
159842,券商ETF银华
518880,黄金ETF华安
518660,黄金ETF工银
159862,食品饮料ETF银华
518680,金ETF富国
159976,湾创ETF工银
159647,中药ETF鹏华
560190,公用事业ETF鹏华
159645,疫苗ETF富国
159843,食品饮料ETF招商
159159,公用事业ETF国投瑞银
510630,消费ETF华夏
159831,金ETF嘉实
518860,上海金ETF建信
159934,黄金ETF易方达
516820,医疗创新ETF平安
515560,证券ETF建信
159993,证券ETF鹏华
518850,黄金ETF华夏
159834,金ETF南方
159937,黄金ETF博时
159841,证券ETF天弘
513770,港股互联网ETF华宝
560400,证券ETF华泰柏瑞
518600,金ETF广发
560260,医疗ETF广发
515950,医药50ETF富国
159030,粮食ETF华夏
515010,证券ETF华夏
159745,建材ETF国泰
513860,港股通科技ETF海富通
515720,金融科技ETF富国
512170,医疗ETF华宝
512620,农业ETF天弘
560620,公用事业ETF万家
513750,港股通非银ETF广发
159262,港股通科技ETF广发
159838,医药50ETF博时
512000,券商ETF华宝
159670,消费50ETF国联安
518890,上海金ETF中银
159812,黄金ETF前海开源
159698,粮食ETF鹏华
159072,粮食ETF景顺
159165,养殖ETF永赢
159798,消费ETF易方达
515710,食品饮料ETF华宝
512570,证券ETF易方达
520790,港股通互联网ETF兴业
515060,房地产ETF华夏
159179,港股通互联网ETF工银
563670,金融科技ETF鹏华
159015,恒生港股通科技ETF国联
159792,港股通互联网ETF富国
159992,创新药ETF银华
512900,证券ETF南方
560090,证券ETF汇添富
520530,港股通科技ETF东财
159041,农业ETF鹏华
516730,证券ETF浦银
560680,消费ETF广发
159058,证券ETF大成
159172,养殖ETF汇添富
516980,证券先锋ETF华富
512120,医药ETF华安
516080,创新药ETF易方达
512200,房地产ETF南方
520910,港股通互联网ETF华夏
159135,港股通科技ETF前海开源
159689,消费ETF南方
159617,中证500价值ETF华夏
516200,证券ETF华安
159011,养殖ETF华安
159766,旅游ETF富国
515850,证券ETF富国
520860,港股通科技ETF富国
159835,创新药ETF建信
159825,农业ETF富国
520670,港股通科技ETF嘉实
520740,港股通互联网ETF华安
159848,证券ETF国联安
515630,证券保险ETF鹏华
512880,证券ETF国泰
520920,恒生科技ETF天弘
513320,港股通新经济ETF易方达
512290,生物医药ETF国泰
516560,养老ETF华宝
159827,农业ETF银华
520650,港股通互联网ETF南方
513980,港股科技ETF景顺
159520,消费龙头ETF工银
513560,香港科技ETF兴银
515650,消费50ETF富国
513290,纳指生物科技ETF汇添富
159692,证券ETF东财
516670,畜牧养殖ETF招商
512430,家居家电ETF华泰柏瑞
513150,港股通科技ETF华泰柏瑞
561510,中药ETF华泰柏瑞
159636,港股通科技30ETF工银
159301,公用事业ETF华夏
159751,港股通科技ETF鹏华
516930,生物科技ETF民生加银
513720,港股互联网ETF国泰
159822,新经济ETF银华
159747,香港科技ETF南方
159031,粮食ETF博时
512450,畜牧养殖ETF广发
159740,恒生科技ETF大成
159040,港股通互联网ETF鹏华
516900,食品饮料ETF华安
561470,畜牧养殖ETF天弘
159929,医药ETF汇添富
159008,证券ETF景顺
159260,证券ETF博时
159898,医疗器械ETF招商
159191,港股通科技ETF易方达
159672,消费ETF博时
562870,证券ETF嘉实
159707,地产ETF华宝
516060,创新药ETF工银
159299,金融科技ETF易方达
159512,汽车ETF广发
159023,养殖ETF万家
159251,港股通科技ETF万家
516840,汽车ETF南方
159027,畜牧养殖ETF大成
159275,农牧渔ETF华宝
510660,医药ETF华夏
513020,港股科技ETF国泰
159867,养殖ETF鹏华
159170,港股通互联网ETF永赢
520630,港股通互联网ETF广发
159742,恒生科技ETF博时
159858,创新药ETF南方
563570,金融科技ETF兴业
517110,创新药ETF国泰
159128,港股科技ETF天弘
159865,养殖ETF国泰
516810,农业ETF华夏
513180,恒生科技ETF华夏
513580,恒生科技ETF华安
159125,港股通科技ETF招商
159741,恒生科技ETF嘉实
159280,港股通互联网ETF汇添富
560900,创新药ETF摩根
512010,医药ETF易方达
512070,证券保险ETF易方达
562390,中药ETF银华
515730,家居家电ETF永赢
159568,港股互联网ETF博时
512600,消费ETF嘉实
516760,养殖ETF平安
159855,影视ETF银华
159750,港股科技50ETF招商
159007,养殖ETF华泰柏瑞
159101,港股通科技ETF华夏
520590,恒生科技ETF鹏华
513010,恒生科技ETF易方达
159928,消费ETF汇添富
159748,创新药ETF富国
159625,绿色电力ETF嘉实
513260,恒生科技ETF汇添富
560210,农牧渔ETF景顺
516620,影视ETF国泰
513380,恒生科技ETF广发
159622,创新药ETF东财
159020,养殖ETF易方达
560480,电力ETF招商
560270,电力ETF工银
159688,恒生互联网ETF华安
159669,绿色电力ETF国泰
513130,恒生科技ETF华泰柏瑞
159061,绿色电力ETF南方
520570,恒生科技ETF南方
159046,绿电ETF天弘
512140,电力ETF华安
562550,绿电ETF华夏
513890,恒生科技ETF摩根
560830,电力ETF华夏
159173,农牧ETF南方
562900,农业ETF易方达
561560,电力ETF华泰柏瑞
159103,金融科技ETF汇添富
512690,酒ETF鹏华
159768,房地产ETF银华
159167,港股通医疗ETF工银
513330,恒生互联网ETF华夏
159067,绿色电力ETF鹏华
159146,电力ETF华宝
159158,电力ETF景顺
561700,电力ETF博时
560450,电力ETF天弘
159611,电力ETF广发
562350,电力ETF银华
561170,绿色电力ETF富国
560930,电力ETF易方达
513050,中概互联网ETF易方达
562960,绿色电力ETF易方达
513700,港股通医药ETF鹏华
517380,创新药ETF天弘
520510,港股通医疗ETF华夏
159557,恒生医疗ETF嘉实
513620,港股医疗ETF银华
517120,创新药ETF华泰柏瑞
517990,沪港深医药ETF招商
560580,电力ETF南方
159297,港股通创新药ETF南方
516370,电力ETF汇添富
526010,港股通医疗ETF汇添富
560460,电力ETF平安
159303,恒生医疗ETF大成
159366,港股医疗ETF永赢
513060,恒生医疗ETF博时
159217,港股通创新药ETF工银
159059,电力ETF大成
159718,港股医药ETF平安
520690,港股创新药ETF博时
520850,港股通医疗ETF易方达
513220,中概互联ETF招商
159137,港股通医疗ETF华宝
159615,恒生生物科技ETF南方
520500,恒生创新药ETF华泰柏瑞
159316,港股通创新药ETF易方达
159130,恒生生物科技ETF鹏华
513200,港股通医药ETF易方达
159892,恒生医药ETF华夏
520930,恒生生物科技ETF国泰
159776,港股医药ETF银华
159202,恒生互联网ETF万家
513930,恒生生物科技ETF华泰柏瑞
159607,中概互联网ETF嘉实
159105,恒生生物科技ETF易方达
520970,港股通创新药ETF嘉实
159286,港股通创新药ETF鹏华
520760,恒生生物科技ETF摩根
520880,港股通创新药ETF华宝
159567,港股创新药ETF银华
159169,恒生生物科技ETF广发
159102,港股通生物科技ETF华安
159605,中概互联ETF广发
159502,标普生物科技ETF嘉实
513280,恒生生物科技ETF汇添富
520700,港股通创新药ETF万家
159570,港股通创新药ETF汇添富
159086,金融科技ETF广发
159132,恒生生物科技ETF富国
513120,港股创新药ETF广发
159506,港股通创新药医疗ETF富国
513780,港股创新药ETF景顺
