date,code,name,asset
2019-01-02,,,空仓
2019-01-03,518880,黄金ETF华安,黄金
2019-01-04,518880,黄金ETF华安,黄金
2019-01-07,518880,黄金ETF华安,黄金
2019-01-08,518880,黄金ETF华安,黄金
2019-01-09,518880,黄金ETF华安,黄金
2019-01-10,518880,黄金ETF华安,黄金
2019-01-11,518880,黄金ETF华安,黄金
2019-01-14,518880,黄金ETF华安,黄金
2019-01-15,518880,黄金ETF华安,黄金
2019-01-16,518880,黄金ETF华安,黄金
2019-01-17,511990,华宝添益ETF,货币
2019-01-18,511990,华宝添益ETF,货币
2019-01-21,511990,华宝添益ETF,货币
2019-01-22,511990,华宝添益ETF,货币
2019-01-23,511990,华宝添益ETF,货币
2019-01-24,511990,华宝添益ETF,货币
2019-01-25,511990,华宝添益ETF,货币
2019-01-28,511990,华宝添益ETF,货币
2019-01-29,511990,华宝添益ETF,货币
2019-01-30,511990,华宝添益ETF,货币
2019-01-31,518880,黄金ETF华安,黄金
2019-02-01,518880,黄金ETF华安,黄金
2019-02-11,518880,黄金ETF华安,黄金
2019-02-12,518880,黄金ETF华安,黄金
2019-02-13,518880,黄金ETF华安,黄金
2019-02-14,518880,黄金ETF华安,黄金
2019-02-15,518880,黄金ETF华安,黄金
2019-02-18,518880,黄金ETF华安,黄金
2019-02-19,518880,黄金ETF华安,黄金
2019-02-20,518880,黄金ETF华安,黄金
2019-02-21,518880,黄金ETF华安,黄金
2019-02-22,518880,黄金ETF华安,黄金
2019-02-25,518880,黄金ETF华安,黄金
2019-02-26,518880,黄金ETF华安,黄金
2019-02-27,518880,黄金ETF华安,黄金
2019-02-28,518880,黄金ETF华安,黄金
2019-03-01,518880,黄金ETF华安,黄金
2019-03-04,518880,黄金ETF华安,黄金
2019-03-05,518880,黄金ETF华安,黄金
2019-03-06,518880,黄金ETF华安,黄金
2019-03-07,159915,创业板ETF易方达,创业板
2019-03-08,159915,创业板ETF易方达,创业板
2019-03-11,159915,创业板ETF易方达,创业板
2019-03-12,159915,创业板ETF易方达,创业板
2019-03-13,159915,创业板ETF易方达,创业板
2019-03-14,159915,创业板ETF易方达,创业板
2019-03-15,159915,创业板ETF易方达,创业板
2019-03-18,159915,创业板ETF易方达,创业板
2019-03-19,159915,创业板ETF易方达,创业板
2019-03-20,159915,创业板ETF易方达,创业板
2019-03-21,512100,中证1000ETF南方,中证1000
2019-03-22,512100,中证1000ETF南方,中证1000
2019-03-25,512100,中证1000ETF南方,中证1000
2019-03-26,512100,中证1000ETF南方,中证1000
2019-03-27,512100,中证1000ETF南方,中证1000
2019-03-28,512100,中证1000ETF南方,中证1000
2019-03-29,512100,中证1000ETF南方,中证1000
2019-04-01,512100,中证1000ETF南方,中证1000
2019-04-02,512100,中证1000ETF南方,中证1000
2019-04-03,512100,中证1000ETF南方,中证1000
2019-04-04,510500,中证500ETF南方,中证500
2019-04-08,510500,中证500ETF南方,中证500
2019-04-09,510500,中证500ETF南方,中证500
2019-04-10,510500,中证500ETF南方,中证500
2019-04-11,510500,中证500ETF南方,中证500
2019-04-12,510500,中证500ETF南方,中证500
2019-04-15,510500,中证500ETF南方,中证500
2019-04-16,510500,中证500ETF南方,中证500
2019-04-17,510500,中证500ETF南方,中证500
2019-04-18,510500,中证500ETF南方,中证500
2019-04-19,512100,中证1000ETF南方,中证1000
2019-04-22,512100,中证1000ETF南方,中证1000
2019-04-23,512100,中证1000ETF南方,中证1000
2019-04-24,512100,中证1000ETF南方,中证1000
2019-04-25,512100,中证1000ETF南方,中证1000
2019-04-26,512100,中证1000ETF南方,中证1000
2019-04-29,512100,中证1000ETF南方,中证1000
2019-04-30,511990,华宝添益ETF,货币
2019-05-06,511990,华宝添益ETF,货币
2019-05-07,511990,华宝添益ETF,货币
2019-05-08,511990,华宝添益ETF,货币
2019-05-09,511990,华宝添益ETF,货币
2019-05-10,511990,华宝添益ETF,货币
2019-05-13,511990,华宝添益ETF,货币
2019-05-14,511990,华宝添益ETF,货币
2019-05-15,511990,华宝添益ETF,货币
2019-05-16,511990,华宝添益ETF,货币
2019-05-17,511990,华宝添益ETF,货币
2019-05-20,511990,华宝添益ETF,货币
2019-05-21,511990,华宝添益ETF,货币
2019-05-22,511990,华宝添益ETF,货币
2019-05-23,511990,华宝添益ETF,货币
2019-05-24,511990,华宝添益ETF,货币
2019-05-27,511990,华宝添益ETF,货币
2019-05-28,511990,华宝添益ETF,货币
2019-05-29,511990,华宝添益ETF,货币
2019-05-30,511990,华宝添益ETF,货币
2019-05-31,518880,黄金ETF华安,黄金
2019-06-03,518880,黄金ETF华安,黄金
2019-06-04,518880,黄金ETF华安,黄金
2019-06-05,518880,黄金ETF华安,黄金
2019-06-06,518880,黄金ETF华安,黄金
2019-06-10,518880,黄金ETF华安,黄金
2019-06-11,518880,黄金ETF华安,黄金
2019-06-12,518880,黄金ETF华安,黄金
2019-06-13,518880,黄金ETF华安,黄金
2019-06-14,518880,黄金ETF华安,黄金
2019-06-17,518880,黄金ETF华安,黄金
2019-06-18,518880,黄金ETF华安,黄金
2019-06-19,518880,黄金ETF华安,黄金
2019-06-20,518880,黄金ETF华安,黄金
2019-06-21,518880,黄金ETF华安,黄金
2019-06-24,518880,黄金ETF华安,黄金
2019-06-25,518880,黄金ETF华安,黄金
2019-06-26,518880,黄金ETF华安,黄金
2019-06-27,518880,黄金ETF华安,黄金
2019-06-28,518880,黄金ETF华安,黄金
2019-07-01,518880,黄金ETF华安,黄金
2019-07-02,518880,黄金ETF华安,黄金
2019-07-03,518880,黄金ETF华安,黄金
2019-07-04,518880,黄金ETF华安,黄金
2019-07-05,518880,黄金ETF华安,黄金
2019-07-08,518880,黄金ETF华安,黄金
2019-07-09,518880,黄金ETF华安,黄金
2019-07-10,518880,黄金ETF华安,黄金
2019-07-11,518880,黄金ETF华安,黄金
2019-07-12,518880,黄金ETF华安,黄金
2019-07-15,513100,纳指ETF国泰,美股
2019-07-16,513100,纳指ETF国泰,美股
2019-07-17,513100,纳指ETF国泰,美股
2019-07-18,513100,纳指ETF国泰,美股
2019-07-19,513100,纳指ETF国泰,美股
2019-07-22,513100,纳指ETF国泰,美股
2019-07-23,513100,纳指ETF国泰,美股
2019-07-24,513100,纳指ETF国泰,美股
2019-07-25,513100,纳指ETF国泰,美股
2019-07-26,513100,纳指ETF国泰,美股
2019-07-29,159934,黄金ETF易方达,黄金
2019-07-30,159934,黄金ETF易方达,黄金
2019-07-31,159934,黄金ETF易方达,黄金
2019-08-01,159934,黄金ETF易方达,黄金
2019-08-02,159934,黄金ETF易方达,黄金
2019-08-05,159934,黄金ETF易方达,黄金
2019-08-06,159934,黄金ETF易方达,黄金
2019-08-07,159934,黄金ETF易方达,黄金
2019-08-08,159934,黄金ETF易方达,黄金
2019-08-09,159934,黄金ETF易方达,黄金
2019-08-12,518880,黄金ETF华安,黄金
2019-08-13,518880,黄金ETF华安,黄金
2019-08-14,518880,黄金ETF华安,黄金
2019-08-15,518880,黄金ETF华安,黄金
2019-08-16,518880,黄金ETF华安,黄金
2019-08-19,518880,黄金ETF华安,黄金
2019-08-20,518880,黄金ETF华安,黄金
2019-08-21,518880,黄金ETF华安,黄金
2019-08-22,518880,黄金ETF华安,黄金
2019-08-23,518880,黄金ETF华安,黄金
2019-08-26,518880,黄金ETF华安,黄金
2019-08-27,518880,黄金ETF华安,黄金
2019-08-28,518880,黄金ETF华安,黄金
2019-08-29,518880,黄金ETF华安,黄金
2019-08-30,518880,黄金ETF华安,黄金
2019-09-02,518880,黄金ETF华安,黄金
2019-09-03,518880,黄金ETF华安,黄金
2019-09-04,518880,黄金ETF华安,黄金
2019-09-05,518880,黄金ETF华安,黄金
2019-09-06,518880,黄金ETF华安,黄金
2019-09-09,159915,创业板ETF易方达,创业板
2019-09-10,159915,创业板ETF易方达,创业板
2019-09-11,159915,创业板ETF易方达,创业板
2019-09-12,159915,创业板ETF易方达,创业板
2019-09-16,159915,创业板ETF易方达,创业板
2019-09-17,159915,创业板ETF易方达,创业板
2019-09-18,159915,创业板ETF易方达,创业板
2019-09-19,159915,创业板ETF易方达,创业板
2019-09-20,159915,创业板ETF易方达,创业板
2019-09-23,159915,创业板ETF易方达,创业板
2019-09-24,512100,中证1000ETF南方,中证1000
2019-09-25,512100,中证1000ETF南方,中证1000
2019-09-26,512100,中证1000ETF南方,中证1000
2019-09-27,512100,中证1000ETF南方,中证1000
2019-09-30,512100,中证1000ETF南方,中证1000
2019-10-08,512100,中证1000ETF南方,中证1000
2019-10-09,512100,中证1000ETF南方,中证1000
2019-10-10,512100,中证1000ETF南方,中证1000
2019-10-11,512100,中证1000ETF南方,中证1000
2019-10-14,512100,中证1000ETF南方,中证1000
2019-10-15,159001,货币ETF易方达,货币
2019-10-16,159001,货币ETF易方达,货币
2019-10-17,159001,货币ETF易方达,货币
2019-10-18,159001,货币ETF易方达,货币
2019-10-21,159001,货币ETF易方达,货币
2019-10-22,159001,货币ETF易方达,货币
2019-10-23,159001,货币ETF易方达,货币
2019-10-24,159001,货币ETF易方达,货币
2019-10-25,159001,货币ETF易方达,货币
2019-10-28,159001,货币ETF易方达,货币
2019-10-29,518880,黄金ETF华安,黄金
2019-10-30,518880,黄金ETF华安,黄金
2019-10-31,518880,黄金ETF华安,黄金
2019-11-01,518880,黄金ETF华安,黄金
2019-11-04,518880,黄金ETF华安,黄金
2019-11-05,518880,黄金ETF华安,黄金
2019-11-06,518880,黄金ETF华安,黄金
2019-11-07,518880,黄金ETF华安,黄金
2019-11-08,518880,黄金ETF华安,黄金
2019-11-11,518880,黄金ETF华安,黄金
2019-11-12,513100,纳指ETF国泰,美股
2019-11-13,513100,纳指ETF国泰,美股
2019-11-14,513100,纳指ETF国泰,美股
2019-11-15,513100,纳指ETF国泰,美股
2019-11-18,513100,纳指ETF国泰,美股
2019-11-19,513100,纳指ETF国泰,美股
2019-11-20,513100,纳指ETF国泰,美股
2019-11-21,513100,纳指ETF国泰,美股
2019-11-22,513100,纳指ETF国泰,美股
2019-11-25,513100,纳指ETF国泰,美股
2019-11-26,513100,纳指ETF国泰,美股
2019-11-27,513100,纳指ETF国泰,美股
2019-11-28,513100,纳指ETF国泰,美股
2019-11-29,513100,纳指ETF国泰,美股
2019-12-02,513100,纳指ETF国泰,美股
2019-12-03,513100,纳指ETF国泰,美股
2019-12-04,513100,纳指ETF国泰,美股
2019-12-05,513100,纳指ETF国泰,美股
2019-12-06,513100,纳指ETF国泰,美股
2019-12-09,513100,纳指ETF国泰,美股
2019-12-10,513100,纳指ETF国泰,美股
2019-12-11,513100,纳指ETF国泰,美股
2019-12-12,513100,纳指ETF国泰,美股
2019-12-13,513100,纳指ETF国泰,美股
2019-12-16,513100,纳指ETF国泰,美股
2019-12-17,513100,纳指ETF国泰,美股
2019-12-18,513100,纳指ETF国泰,美股
2019-12-19,513100,纳指ETF国泰,美股
2019-12-20,513100,纳指ETF国泰,美股
2019-12-23,513100,纳指ETF国泰,美股
2019-12-24,513100,纳指ETF国泰,美股
2019-12-25,513100,纳指ETF国泰,美股
2019-12-26,513100,纳指ETF国泰,美股
2019-12-27,513100,纳指ETF国泰,美股
2019-12-30,513100,纳指ETF国泰,美股
2019-12-31,513100,纳指ETF国泰,美股
2020-01-02,513100,纳指ETF国泰,美股
2020-01-03,513100,纳指ETF国泰,美股
2020-01-06,513100,纳指ETF国泰,美股
2020-01-07,513100,纳指ETF国泰,美股
2020-01-08,513100,纳指ETF国泰,美股
2020-01-09,513100,纳指ETF国泰,美股
2020-01-10,513100,纳指ETF国泰,美股
2020-01-13,513100,纳指ETF国泰,美股
2020-01-14,513100,纳指ETF国泰,美股
2020-01-15,513100,纳指ETF国泰,美股
2020-01-16,513100,纳指ETF国泰,美股
2020-01-17,513100,纳指ETF国泰,美股
2020-01-20,513100,纳指ETF国泰,美股
2020-01-21,513100,纳指ETF国泰,美股
2020-01-22,159915,创业板ETF易方达,创业板
2020-01-23,159915,创业板ETF易方达,创业板
2020-02-03,159915,创业板ETF易方达,创业板
2020-02-04,511990,华宝添益ETF,货币
2020-02-05,511990,华宝添益ETF,货币
2020-02-06,511990,华宝添益ETF,货币
2020-02-07,511990,华宝添益ETF,货币
2020-02-10,511990,华宝添益ETF,货币
2020-02-11,511990,华宝添益ETF,货币
2020-02-12,511990,华宝添益ETF,货币
2020-02-13,511990,华宝添益ETF,货币
2020-02-14,511990,华宝添益ETF,货币
2020-02-17,511990,华宝添益ETF,货币
2020-02-18,513100,纳指ETF国泰,美股
2020-02-19,513100,纳指ETF国泰,美股
2020-02-20,513100,纳指ETF国泰,美股
2020-02-21,513100,纳指ETF国泰,美股
2020-02-24,513100,纳指ETF国泰,美股
2020-02-25,513100,纳指ETF国泰,美股
2020-02-26,513100,纳指ETF国泰,美股
2020-02-27,513100,纳指ETF国泰,美股
2020-02-28,513100,纳指ETF国泰,美股
2020-03-02,511990,华宝添益ETF,货币
2020-03-03,511990,华宝添益ETF,货币
2020-03-04,511990,华宝添益ETF,货币
2020-03-05,511990,华宝添益ETF,货币
2020-03-06,511990,华宝添益ETF,货币
2020-03-09,511990,华宝添益ETF,货币
2020-03-10,511990,华宝添益ETF,货币
2020-03-11,511990,华宝添益ETF,货币
2020-03-12,511990,华宝添益ETF,货币
2020-03-13,511990,华宝添益ETF,货币
2020-03-16,511990,华宝添益ETF,货币
2020-03-17,511990,华宝添益ETF,货币
2020-03-18,511990,华宝添益ETF,货币
2020-03-19,511990,华宝添益ETF,货币
2020-03-20,511990,华宝添益ETF,货币
2020-03-23,511990,华宝添益ETF,货币
2020-03-24,511990,华宝添益ETF,货币
2020-03-25,511990,华宝添益ETF,货币
2020-03-26,511990,华宝添益ETF,货币
2020-03-27,511990,华宝添益ETF,货币
2020-03-30,518880,黄金ETF华安,黄金
2020-03-31,518880,黄金ETF华安,黄金
2020-04-01,518880,黄金ETF华安,黄金
2020-04-02,518880,黄金ETF华安,黄金
2020-04-03,518880,黄金ETF华安,黄金
2020-04-07,518880,黄金ETF华安,黄金
2020-04-08,518880,黄金ETF华安,黄金
2020-04-09,518880,黄金ETF华安,黄金
2020-04-10,518880,黄金ETF华安,黄金
2020-04-13,518880,黄金ETF华安,黄金
2020-04-14,518880,黄金ETF华安,黄金
2020-04-15,518880,黄金ETF华安,黄金
2020-04-16,518880,黄金ETF华安,黄金
2020-04-17,518880,黄金ETF华安,黄金
2020-04-20,518880,黄金ETF华安,黄金
2020-04-21,518880,黄金ETF华安,黄金
2020-04-22,518880,黄金ETF华安,黄金
2020-04-23,518880,黄金ETF华安,黄金
2020-04-24,518880,黄金ETF华安,黄金
2020-04-27,518880,黄金ETF华安,黄金
2020-04-28,518880,黄金ETF华安,黄金
2020-04-29,518880,黄金ETF华安,黄金
2020-04-30,518880,黄金ETF华安,黄金
2020-05-06,518880,黄金ETF华安,黄金
2020-05-07,518880,黄金ETF华安,黄金
2020-05-08,518880,黄金ETF华安,黄金
2020-05-11,518880,黄金ETF华安,黄金
2020-05-12,518880,黄金ETF华安,黄金
2020-05-13,518880,黄金ETF华安,黄金
2020-05-14,518880,黄金ETF华安,黄金
2020-05-15,518880,黄金ETF华安,黄金
2020-05-18,518880,黄金ETF华安,黄金
2020-05-19,518880,黄金ETF华安,黄金
2020-05-20,518880,黄金ETF华安,黄金
2020-05-21,518880,黄金ETF华安,黄金
2020-05-22,518880,黄金ETF华安,黄金
2020-05-25,518880,黄金ETF华安,黄金
2020-05-26,518880,黄金ETF华安,黄金
2020-05-27,518880,黄金ETF华安,黄金
2020-05-28,518880,黄金ETF华安,黄金
2020-05-29,513520,日经ETF华夏,日经
2020-06-01,513520,日经ETF华夏,日经
2020-06-02,513520,日经ETF华夏,日经
2020-06-03,513520,日经ETF华夏,日经
2020-06-04,513520,日经ETF华夏,日经
2020-06-05,513520,日经ETF华夏,日经
2020-06-08,513520,日经ETF华夏,日经
2020-06-09,513520,日经ETF华夏,日经
2020-06-10,513520,日经ETF华夏,日经
2020-06-11,513520,日经ETF华夏,日经
2020-06-12,513520,日经ETF华夏,日经
2020-06-15,513520,日经ETF华夏,日经
2020-06-16,513520,日经ETF华夏,日经
2020-06-17,513520,日经ETF华夏,日经
2020-06-18,513520,日经ETF华夏,日经
2020-06-19,513520,日经ETF华夏,日经
2020-06-22,513520,日经ETF华夏,日经
2020-06-23,513520,日经ETF华夏,日经
2020-06-24,513520,日经ETF华夏,日经
2020-06-29,513520,日经ETF华夏,日经
2020-06-30,159949,创业板50ETF华安,创业板
2020-07-01,159949,创业板50ETF华安,创业板
2020-07-02,159949,创业板50ETF华安,创业板
2020-07-03,159949,创业板50ETF华安,创业板
2020-07-06,159949,创业板50ETF华安,创业板
2020-07-07,159949,创业板50ETF华安,创业板
2020-07-08,159949,创业板50ETF华安,创业板
2020-07-09,159949,创业板50ETF华安,创业板
2020-07-10,159949,创业板50ETF华安,创业板
2020-07-13,159949,创业板50ETF华安,创业板
2020-07-14,159949,创业板50ETF华安,创业板
2020-07-15,159949,创业板50ETF华安,创业板
2020-07-16,159949,创业板50ETF华安,创业板
2020-07-17,159949,创业板50ETF华安,创业板
2020-07-20,159949,创业板50ETF华安,创业板
2020-07-21,159949,创业板50ETF华安,创业板
2020-07-22,159949,创业板50ETF华安,创业板
2020-07-23,159949,创业板50ETF华安,创业板
2020-07-24,159949,创业板50ETF华安,创业板
2020-07-27,159949,创业板50ETF华安,创业板
2020-07-28,513030,德国ETF华安,德国
2020-07-29,513030,德国ETF华安,德国
2020-07-30,513030,德国ETF华安,德国
2020-07-31,513030,德国ETF华安,德国
2020-08-03,513030,德国ETF华安,德国
2020-08-04,513030,德国ETF华安,德国
2020-08-05,513030,德国ETF华安,德国
2020-08-06,513030,德国ETF华安,德国
2020-08-07,513030,德国ETF华安,德国
2020-08-10,513030,德国ETF华安,德国
2020-08-11,513030,德国ETF华安,德国
2020-08-12,513030,德国ETF华安,德国
2020-08-13,513030,德国ETF华安,德国
2020-08-14,513030,德国ETF华安,德国
2020-08-17,513030,德国ETF华安,德国
2020-08-18,513030,德国ETF华安,德国
2020-08-19,513030,德国ETF华安,德国
2020-08-20,513030,德国ETF华安,德国
2020-08-21,513030,德国ETF华安,德国
2020-08-24,513030,德国ETF华安,德国
2020-08-25,510880,红利ETF华泰柏瑞,红利
2020-08-26,510880,红利ETF华泰柏瑞,红利
2020-08-27,510880,红利ETF华泰柏瑞,红利
2020-08-28,510880,红利ETF华泰柏瑞,红利
2020-08-31,510880,红利ETF华泰柏瑞,红利
2020-09-01,510880,红利ETF华泰柏瑞,红利
2020-09-02,510880,红利ETF华泰柏瑞,红利
2020-09-03,510880,红利ETF华泰柏瑞,红利
2020-09-04,510880,红利ETF华泰柏瑞,红利
2020-09-07,510880,红利ETF华泰柏瑞,红利
2020-09-08,511990,华宝添益ETF,货币
2020-09-09,511990,华宝添益ETF,货币
2020-09-10,511990,华宝添益ETF,货币
2020-09-11,511990,华宝添益ETF,货币
2020-09-14,511990,华宝添益ETF,货币
2020-09-15,511990,华宝添益ETF,货币
2020-09-16,511990,华宝添益ETF,货币
2020-09-17,511990,华宝添益ETF,货币
2020-09-18,511990,华宝添益ETF,货币
2020-09-21,511990,华宝添益ETF,货币
2020-09-22,510880,红利ETF华泰柏瑞,红利
2020-09-23,510880,红利ETF华泰柏瑞,红利
2020-09-24,510880,红利ETF华泰柏瑞,红利
2020-09-25,510880,红利ETF华泰柏瑞,红利
2020-09-28,510880,红利ETF华泰柏瑞,红利
2020-09-29,510880,红利ETF华泰柏瑞,红利
2020-09-30,510880,红利ETF华泰柏瑞,红利
2020-10-09,510880,红利ETF华泰柏瑞,红利
2020-10-12,510880,红利ETF华泰柏瑞,红利
2020-10-13,510880,红利ETF华泰柏瑞,红利
2020-10-14,513100,纳指ETF国泰,美股
2020-10-15,513100,纳指ETF国泰,美股
2020-10-16,513100,纳指ETF国泰,美股
2020-10-19,513100,纳指ETF国泰,美股
2020-10-20,513100,纳指ETF国泰,美股
2020-10-21,513100,纳指ETF国泰,美股
2020-10-22,513100,纳指ETF国泰,美股
2020-10-23,513100,纳指ETF国泰,美股
2020-10-26,513100,纳指ETF国泰,美股
2020-10-27,513100,纳指ETF国泰,美股
2020-10-28,511990,华宝添益ETF,货币
2020-10-29,511990,华宝添益ETF,货币
2020-10-30,511990,华宝添益ETF,货币
2020-11-02,511990,华宝添益ETF,货币
2020-11-03,511990,华宝添益ETF,货币
2020-11-04,511990,华宝添益ETF,货币
2020-11-05,511990,华宝添益ETF,货币
2020-11-06,511990,华宝添益ETF,货币
2020-11-09,511990,华宝添益ETF,货币
2020-11-10,511990,华宝添益ETF,货币
2020-11-11,510880,红利ETF华泰柏瑞,红利
2020-11-12,510880,红利ETF华泰柏瑞,红利
2020-11-13,510880,红利ETF华泰柏瑞,红利
2020-11-16,510880,红利ETF华泰柏瑞,红利
2020-11-17,510880,红利ETF华泰柏瑞,红利
2020-11-18,510880,红利ETF华泰柏瑞,红利
2020-11-19,510880,红利ETF华泰柏瑞,红利
2020-11-20,510880,红利ETF华泰柏瑞,红利
2020-11-23,510880,红利ETF华泰柏瑞,红利
2020-11-24,510880,红利ETF华泰柏瑞,红利
2020-11-25,510880,红利ETF华泰柏瑞,红利
2020-11-26,510880,红利ETF华泰柏瑞,红利
2020-11-27,510880,红利ETF华泰柏瑞,红利
2020-11-30,510880,红利ETF华泰柏瑞,红利
2020-12-01,510880,红利ETF华泰柏瑞,红利
2020-12-02,510880,红利ETF华泰柏瑞,红利
2020-12-03,510880,红利ETF华泰柏瑞,红利
2020-12-04,510880,红利ETF华泰柏瑞,红利
2020-12-07,510880,红利ETF华泰柏瑞,红利
2020-12-08,510880,红利ETF华泰柏瑞,红利
2020-12-09,512400,有色金属ETF南方,商品
2020-12-10,512400,有色金属ETF南方,商品
2020-12-11,512400,有色金属ETF南方,商品
2020-12-14,512400,有色金属ETF南方,商品
2020-12-15,512400,有色金属ETF南方,商品
2020-12-16,512400,有色金属ETF南方,商品
2020-12-17,512400,有色金属ETF南方,商品
2020-12-18,512400,有色金属ETF南方,商品
2020-12-21,512400,有色金属ETF南方,商品
2020-12-22,512400,有色金属ETF南方,商品
2020-12-23,159949,创业板50ETF华安,创业板
2020-12-24,159949,创业板50ETF华安,创业板
2020-12-25,159949,创业板50ETF华安,创业板
2020-12-28,159949,创业板50ETF华安,创业板
2020-12-29,159949,创业板50ETF华安,创业板
2020-12-30,159949,创业板50ETF华安,创业板
2020-12-31,159949,创业板50ETF华安,创业板
2021-01-04,159949,创业板50ETF华安,创业板
2021-01-05,159949,创业板50ETF华安,创业板
2021-01-06,159949,创业板50ETF华安,创业板
2021-01-07,510300,沪深300ETF华泰柏瑞,沪深300
2021-01-08,510300,沪深300ETF华泰柏瑞,沪深300
2021-01-11,510300,沪深300ETF华泰柏瑞,沪深300
2021-01-12,510300,沪深300ETF华泰柏瑞,沪深300
2021-01-13,510300,沪深300ETF华泰柏瑞,沪深300
2021-01-14,510300,沪深300ETF华泰柏瑞,沪深300
2021-01-15,510300,沪深300ETF华泰柏瑞,沪深300
2021-01-18,510300,沪深300ETF华泰柏瑞,沪深300
2021-01-19,510300,沪深300ETF华泰柏瑞,沪深300
2021-01-20,510300,沪深300ETF华泰柏瑞,沪深300
2021-01-21,159920,恒生ETF华夏,港股
2021-01-22,159920,恒生ETF华夏,港股
2021-01-25,159920,恒生ETF华夏,港股
2021-01-26,159920,恒生ETF华夏,港股
2021-01-27,159920,恒生ETF华夏,港股
2021-01-28,159920,恒生ETF华夏,港股
2021-01-29,159920,恒生ETF华夏,港股
2021-02-01,159920,恒生ETF华夏,港股
2021-02-02,159920,恒生ETF华夏,港股
2021-02-03,159920,恒生ETF华夏,港股
2021-02-04,159949,创业板50ETF华安,创业板
2021-02-05,159949,创业板50ETF华安,创业板
2021-02-08,159949,创业板50ETF华安,创业板
2021-02-09,159949,创业板50ETF华安,创业板
2021-02-10,159949,创业板50ETF华安,创业板
2021-02-18,159949,创业板50ETF华安,创业板
2021-02-19,159949,创业板50ETF华安,创业板
2021-02-22,159949,创业板50ETF华安,创业板
2021-02-23,511990,华宝添益ETF,货币
2021-02-24,511990,华宝添益ETF,货币
2021-02-25,511990,华宝添益ETF,货币
2021-02-26,511990,华宝添益ETF,货币
2021-03-01,511990,华宝添益ETF,货币
2021-03-02,511990,华宝添益ETF,货币
2021-03-03,511990,华宝添益ETF,货币
2021-03-04,511990,华宝添益ETF,货币
2021-03-05,511990,华宝添益ETF,货币
2021-03-08,511990,华宝添益ETF,货币
2021-03-09,511990,华宝添益ETF,货币
2021-03-10,511990,华宝添益ETF,货币
2021-03-11,511990,华宝添益ETF,货币
2021-03-12,511990,华宝添益ETF,货币
2021-03-15,511990,华宝添益ETF,货币
2021-03-16,511990,华宝添益ETF,货币
2021-03-17,511990,华宝添益ETF,货币
2021-03-18,511990,华宝添益ETF,货币
2021-03-19,511990,华宝添益ETF,货币
2021-03-22,511990,华宝添益ETF,货币
2021-03-23,511990,华宝添益ETF,货币
2021-03-24,511990,华宝添益ETF,货币
2021-03-25,511990,华宝添益ETF,货币
2021-03-26,511990,华宝添益ETF,货币
2021-03-29,511990,华宝添益ETF,货币
2021-03-30,511990,华宝添益ETF,货币
2021-03-31,511990,华宝添益ETF,货币
2021-04-01,511990,华宝添益ETF,货币
2021-04-02,511990,华宝添益ETF,货币
2021-04-06,511990,华宝添益ETF,货币
2021-04-07,513100,纳指ETF国泰,美股
2021-04-08,513100,纳指ETF国泰,美股
2021-04-09,513100,纳指ETF国泰,美股
2021-04-12,513100,纳指ETF国泰,美股
2021-04-13,513100,纳指ETF国泰,美股
2021-04-14,513100,纳指ETF国泰,美股
2021-04-15,513100,纳指ETF国泰,美股
2021-04-16,513100,纳指ETF国泰,美股
2021-04-19,513100,纳指ETF国泰,美股
2021-04-20,513100,纳指ETF国泰,美股
2021-04-21,513100,纳指ETF国泰,美股
2021-04-22,513100,纳指ETF国泰,美股
2021-04-23,513100,纳指ETF国泰,美股
2021-04-26,513100,纳指ETF国泰,美股
2021-04-27,513100,纳指ETF国泰,美股
2021-04-28,513100,纳指ETF国泰,美股
2021-04-29,513100,纳指ETF国泰,美股
2021-04-30,513100,纳指ETF国泰,美股
2021-05-06,513100,纳指ETF国泰,美股
2021-05-07,513100,纳指ETF国泰,美股
2021-05-10,510880,红利ETF华泰柏瑞,红利
2021-05-11,510880,红利ETF华泰柏瑞,红利
2021-05-12,510880,红利ETF华泰柏瑞,红利
2021-05-13,510880,红利ETF华泰柏瑞,红利
2021-05-14,510880,红利ETF华泰柏瑞,红利
2021-05-17,510880,红利ETF华泰柏瑞,红利
2021-05-18,510880,红利ETF华泰柏瑞,红利
2021-05-19,510880,红利ETF华泰柏瑞,红利
2021-05-20,510880,红利ETF华泰柏瑞,红利
2021-05-21,510880,红利ETF华泰柏瑞,红利
2021-05-24,518880,黄金ETF华安,黄金
2021-05-25,518880,黄金ETF华安,黄金
2021-05-26,518880,黄金ETF华安,黄金
2021-05-27,518880,黄金ETF华安,黄金
2021-05-28,518880,黄金ETF华安,黄金
2021-05-31,518880,黄金ETF华安,黄金
2021-06-01,518880,黄金ETF华安,黄金
2021-06-02,518880,黄金ETF华安,黄金
2021-06-03,518880,黄金ETF华安,黄金
2021-06-04,518880,黄金ETF华安,黄金
2021-06-07,159949,创业板50ETF华安,创业板
2021-06-08,159949,创业板50ETF华安,创业板
2021-06-09,159949,创业板50ETF华安,创业板
2021-06-10,159949,创业板50ETF华安,创业板
2021-06-11,159949,创业板50ETF华安,创业板
2021-06-15,159949,创业板50ETF华安,创业板
2021-06-16,159949,创业板50ETF华安,创业板
2021-06-17,159949,创业板50ETF华安,创业板
2021-06-18,159949,创业板50ETF华安,创业板
2021-06-21,159949,创业板50ETF华安,创业板
2021-06-22,588000,科创50ETF华夏,科创
2021-06-23,588000,科创50ETF华夏,科创
2021-06-24,588000,科创50ETF华夏,科创
2021-06-25,588000,科创50ETF华夏,科创
2021-06-28,588000,科创50ETF华夏,科创
2021-06-29,588000,科创50ETF华夏,科创
2021-06-30,588000,科创50ETF华夏,科创
2021-07-01,588000,科创50ETF华夏,科创
2021-07-02,588000,科创50ETF华夏,科创
2021-07-05,588000,科创50ETF华夏,科创
2021-07-06,513100,纳指ETF国泰,美股
2021-07-07,513100,纳指ETF国泰,美股
2021-07-08,513100,纳指ETF国泰,美股
2021-07-09,513100,纳指ETF国泰,美股
2021-07-12,513100,纳指ETF国泰,美股
2021-07-13,513100,纳指ETF国泰,美股
2021-07-14,513100,纳指ETF国泰,美股
2021-07-15,513100,纳指ETF国泰,美股
2021-07-16,513100,纳指ETF国泰,美股
2021-07-19,513100,纳指ETF国泰,美股
2021-07-20,512400,有色金属ETF南方,商品
2021-07-21,512400,有色金属ETF南方,商品
2021-07-22,512400,有色金属ETF南方,商品
2021-07-23,512400,有色金属ETF南方,商品
2021-07-26,512400,有色金属ETF南方,商品
2021-07-27,512400,有色金属ETF南方,商品
2021-07-28,512400,有色金属ETF南方,商品
2021-07-29,512400,有色金属ETF南方,商品
2021-07-30,512400,有色金属ETF南方,商品
2021-08-02,512400,有色金属ETF南方,商品
2021-08-03,512100,中证1000ETF南方,中证1000
2021-08-04,512100,中证1000ETF南方,中证1000
2021-08-05,512100,中证1000ETF南方,中证1000
2021-08-06,512100,中证1000ETF南方,中证1000
2021-08-09,512100,中证1000ETF南方,中证1000
2021-08-10,512100,中证1000ETF南方,中证1000
2021-08-11,512100,中证1000ETF南方,中证1000
2021-08-12,512100,中证1000ETF南方,中证1000
2021-08-13,512100,中证1000ETF南方,中证1000
2021-08-16,512100,中证1000ETF南方,中证1000
2021-08-17,513100,纳指ETF国泰,美股
2021-08-18,513100,纳指ETF国泰,美股
2021-08-19,513100,纳指ETF国泰,美股
2021-08-20,513100,纳指ETF国泰,美股
2021-08-23,513100,纳指ETF国泰,美股
2021-08-24,513100,纳指ETF国泰,美股
2021-08-25,513100,纳指ETF国泰,美股
2021-08-26,513100,纳指ETF国泰,美股
2021-08-27,513100,纳指ETF国泰,美股
2021-08-30,513100,纳指ETF国泰,美股
2021-08-31,513100,纳指ETF国泰,美股
2021-09-01,513100,纳指ETF国泰,美股
2021-09-02,513100,纳指ETF国泰,美股
2021-09-03,513100,纳指ETF国泰,美股
2021-09-06,513100,纳指ETF国泰,美股
2021-09-07,513100,纳指ETF国泰,美股
2021-09-08,513100,纳指ETF国泰,美股
2021-09-09,513100,纳指ETF国泰,美股
2021-09-10,513100,纳指ETF国泰,美股
2021-09-13,513100,纳指ETF国泰,美股
2021-09-14,510880,红利ETF华泰柏瑞,红利
2021-09-15,510880,红利ETF华泰柏瑞,红利
2021-09-16,510880,红利ETF华泰柏瑞,红利
2021-09-17,510880,红利ETF华泰柏瑞,红利
2021-09-22,510880,红利ETF华泰柏瑞,红利
2021-09-23,510880,红利ETF华泰柏瑞,红利
2021-09-24,510880,红利ETF华泰柏瑞,红利
2021-09-27,510880,红利ETF华泰柏瑞,红利
2021-09-28,511990,华宝添益ETF,货币
2021-09-29,511990,华宝添益ETF,货币
2021-09-30,511990,华宝添益ETF,货币
2021-10-08,511990,华宝添益ETF,货币
2021-10-11,511990,华宝添益ETF,货币
2021-10-12,511990,华宝添益ETF,货币
2021-10-13,511990,华宝添益ETF,货币
2021-10-14,511990,华宝添益ETF,货币
2021-10-15,511990,华宝添益ETF,货币
2021-10-18,511990,华宝添益ETF,货币
2021-10-19,511990,华宝添益ETF,货币
2021-10-20,511990,华宝添益ETF,货币
2021-10-21,511990,华宝添益ETF,货币
2021-10-22,511990,华宝添益ETF,货币
2021-10-25,511990,华宝添益ETF,货币
2021-10-26,511990,华宝添益ETF,货币
2021-10-27,511990,华宝添益ETF,货币
2021-10-28,511990,华宝添益ETF,货币
2021-10-29,511990,华宝添益ETF,货币
2021-11-01,511990,华宝添益ETF,货币
2021-11-02,513100,纳指ETF国泰,美股
2021-11-03,513100,纳指ETF国泰,美股
2021-11-04,513100,纳指ETF国泰,美股
2021-11-05,513100,纳指ETF国泰,美股
2021-11-08,513100,纳指ETF国泰,美股
2021-11-09,513100,纳指ETF国泰,美股
2021-11-10,513100,纳指ETF国泰,美股
2021-11-11,513100,纳指ETF国泰,美股
2021-11-12,513100,纳指ETF国泰,美股
2021-11-15,513100,纳指ETF国泰,美股
2021-11-16,513100,纳指ETF国泰,美股
2021-11-17,513100,纳指ETF国泰,美股
2021-11-18,513100,纳指ETF国泰,美股
2021-11-19,513100,纳指ETF国泰,美股
2021-11-22,513100,纳指ETF国泰,美股
2021-11-23,513100,纳指ETF国泰,美股
2021-11-24,513100,纳指ETF国泰,美股
2021-11-25,513100,纳指ETF国泰,美股
2021-11-26,513100,纳指ETF国泰,美股
2021-11-29,513100,纳指ETF国泰,美股
2021-11-30,159949,创业板50ETF华安,创业板
2021-12-01,159949,创业板50ETF华安,创业板
2021-12-02,159949,创业板50ETF华安,创业板
2021-12-03,159949,创业板50ETF华安,创业板
2021-12-06,159949,创业板50ETF华安,创业板
2021-12-07,159949,创业板50ETF华安,创业板
2021-12-08,159949,创业板50ETF华安,创业板
2021-12-09,159949,创业板50ETF华安,创业板
2021-12-10,159949,创业板50ETF华安,创业板
2021-12-13,159949,创业板50ETF华安,创业板
2021-12-14,159949,创业板50ETF华安,创业板
2021-12-15,159949,创业板50ETF华安,创业板
2021-12-16,159949,创业板50ETF华安,创业板
2021-12-17,159949,创业板50ETF华安,创业板
2021-12-20,159949,创业板50ETF华安,创业板
2021-12-21,159949,创业板50ETF华安,创业板
2021-12-22,159949,创业板50ETF华安,创业板
2021-12-23,159949,创业板50ETF华安,创业板
2021-12-24,159949,创业板50ETF华安,创业板
2021-12-27,159949,创业板50ETF华安,创业板
2021-12-28,513100,纳指ETF国泰,美股
2021-12-29,513100,纳指ETF国泰,美股
2021-12-30,513100,纳指ETF国泰,美股
2021-12-31,513100,纳指ETF国泰,美股
2022-01-04,513100,纳指ETF国泰,美股
2022-01-05,513100,纳指ETF国泰,美股
2022-01-06,513100,纳指ETF国泰,美股
2022-01-07,513100,纳指ETF国泰,美股
2022-01-10,513100,纳指ETF国泰,美股
2022-01-11,513100,纳指ETF国泰,美股
2022-01-12,518880,黄金ETF华安,黄金
2022-01-13,518880,黄金ETF华安,黄金
2022-01-14,518880,黄金ETF华安,黄金
2022-01-17,518880,黄金ETF华安,黄金
2022-01-18,518880,黄金ETF华安,黄金
2022-01-19,518880,黄金ETF华安,黄金
2022-01-20,518880,黄金ETF华安,黄金
2022-01-21,518880,黄金ETF华安,黄金
2022-01-24,518880,黄金ETF华安,黄金
2022-01-25,518880,黄金ETF华安,黄金
2022-01-26,518880,黄金ETF华安,黄金
2022-01-27,518880,黄金ETF华安,黄金
2022-01-28,518880,黄金ETF华安,黄金
2022-02-07,518880,黄金ETF华安,黄金
2022-02-08,518880,黄金ETF华安,黄金
2022-02-09,518880,黄金ETF华安,黄金
2022-02-10,518880,黄金ETF华安,黄金
2022-02-11,518880,黄金ETF华安,黄金
2022-02-14,518880,黄金ETF华安,黄金
2022-02-15,518880,黄金ETF华安,黄金
2022-02-16,518880,黄金ETF华安,黄金
2022-02-17,518880,黄金ETF华安,黄金
2022-02-18,518880,黄金ETF华安,黄金
2022-02-21,518880,黄金ETF华安,黄金
2022-02-22,518880,黄金ETF华安,黄金
2022-02-23,518880,黄金ETF华安,黄金
2022-02-24,518880,黄金ETF华安,黄金
2022-02-25,518880,黄金ETF华安,黄金
2022-02-28,518880,黄金ETF华安,黄金
2022-03-01,518880,黄金ETF华安,黄金
2022-03-02,510880,红利ETF华泰柏瑞,红利
2022-03-03,510880,红利ETF华泰柏瑞,红利
2022-03-04,510880,红利ETF华泰柏瑞,红利
2022-03-07,510880,红利ETF华泰柏瑞,红利
2022-03-08,510880,红利ETF华泰柏瑞,红利
2022-03-09,510880,红利ETF华泰柏瑞,红利
2022-03-10,510880,红利ETF华泰柏瑞,红利
2022-03-11,510880,红利ETF华泰柏瑞,红利
2022-03-14,510880,红利ETF华泰柏瑞,红利
2022-03-15,510880,红利ETF华泰柏瑞,红利
2022-03-16,511880,银华日利ETF,货币
2022-03-17,511880,银华日利ETF,货币
2022-03-18,511880,银华日利ETF,货币
2022-03-21,511880,银华日利ETF,货币
2022-03-22,511880,银华日利ETF,货币
2022-03-23,511880,银华日利ETF,货币
2022-03-24,511880,银华日利ETF,货币
2022-03-25,511880,银华日利ETF,货币
2022-03-28,511880,银华日利ETF,货币
2022-03-29,511880,银华日利ETF,货币
2022-03-30,511990,华宝添益ETF,货币
2022-03-31,511990,华宝添益ETF,货币
2022-04-01,511990,华宝添益ETF,货币
2022-04-06,511990,华宝添益ETF,货币
2022-04-07,511990,华宝添益ETF,货币
2022-04-08,511990,华宝添益ETF,货币
2022-04-11,511990,华宝添益ETF,货币
2022-04-12,511990,华宝添益ETF,货币
2022-04-13,511990,华宝添益ETF,货币
2022-04-14,511990,华宝添益ETF,货币
2022-04-15,510880,红利ETF华泰柏瑞,红利
2022-04-18,510880,红利ETF华泰柏瑞,红利
2022-04-19,510880,红利ETF华泰柏瑞,红利
2022-04-20,510880,红利ETF华泰柏瑞,红利
2022-04-21,510880,红利ETF华泰柏瑞,红利
2022-04-22,510880,红利ETF华泰柏瑞,红利
2022-04-25,510880,红利ETF华泰柏瑞,红利
2022-04-26,511990,华宝添益ETF,货币
2022-04-27,511990,华宝添益ETF,货币
2022-04-28,511990,华宝添益ETF,货币
2022-04-29,511990,华宝添益ETF,货币
2022-05-05,511990,华宝添益ETF,货币
2022-05-06,511990,华宝添益ETF,货币
2022-05-09,511990,华宝添益ETF,货币
2022-05-10,511990,华宝添益ETF,货币
2022-05-11,511990,华宝添益ETF,货币
2022-05-12,511990,华宝添益ETF,货币
2022-05-13,518880,黄金ETF华安,黄金
2022-05-16,518880,黄金ETF华安,黄金
2022-05-17,518880,黄金ETF华安,黄金
2022-05-18,518880,黄金ETF华安,黄金
2022-05-19,518880,黄金ETF华安,黄金
2022-05-20,518880,黄金ETF华安,黄金
2022-05-23,518880,黄金ETF华安,黄金
2022-05-24,518880,黄金ETF华安,黄金
2022-05-25,518880,黄金ETF华安,黄金
2022-05-26,518880,黄金ETF华安,黄金
2022-05-27,510880,红利ETF华泰柏瑞,红利
2022-05-30,510880,红利ETF华泰柏瑞,红利
2022-05-31,510880,红利ETF华泰柏瑞,红利
2022-06-01,510880,红利ETF华泰柏瑞,红利
2022-06-02,510880,红利ETF华泰柏瑞,红利
2022-06-06,510880,红利ETF华泰柏瑞,红利
2022-06-07,510880,红利ETF华泰柏瑞,红利
2022-06-08,510880,红利ETF华泰柏瑞,红利
2022-06-09,510880,红利ETF华泰柏瑞,红利
2022-06-10,510880,红利ETF华泰柏瑞,红利
2022-06-13,510900,恒生中国企业ETF易方达,港股
2022-06-14,510900,恒生中国企业ETF易方达,港股
2022-06-15,510900,恒生中国企业ETF易方达,港股
2022-06-16,510900,恒生中国企业ETF易方达,港股
2022-06-17,510900,恒生中国企业ETF易方达,港股
2022-06-20,510900,恒生中国企业ETF易方达,港股
2022-06-21,510900,恒生中国企业ETF易方达,港股
2022-06-22,510900,恒生中国企业ETF易方达,港股
2022-06-23,510900,恒生中国企业ETF易方达,港股
2022-06-24,510900,恒生中国企业ETF易方达,港股
2022-06-27,159949,创业板50ETF华安,创业板
2022-06-28,159949,创业板50ETF华安,创业板
2022-06-29,159949,创业板50ETF华安,创业板
2022-06-30,159949,创业板50ETF华安,创业板
2022-07-01,159949,创业板50ETF华安,创业板
2022-07-04,159949,创业板50ETF华安,创业板
2022-07-05,159949,创业板50ETF华安,创业板
2022-07-06,159949,创业板50ETF华安,创业板
2022-07-07,159949,创业板50ETF华安,创业板
2022-07-08,159949,创业板50ETF华安,创业板
2022-07-11,159915,创业板ETF易方达,创业板
2022-07-12,159915,创业板ETF易方达,创业板
2022-07-13,159915,创业板ETF易方达,创业板
2022-07-14,159915,创业板ETF易方达,创业板
2022-07-15,159915,创业板ETF易方达,创业板
2022-07-18,159915,创业板ETF易方达,创业板
2022-07-19,159915,创业板ETF易方达,创业板
2022-07-20,159915,创业板ETF易方达,创业板
2022-07-21,159915,创业板ETF易方达,创业板
2022-07-22,159915,创业板ETF易方达,创业板
2022-07-25,159845,中证1000ETF华夏,中证1000
2022-07-26,159845,中证1000ETF华夏,中证1000
2022-07-27,159845,中证1000ETF华夏,中证1000
2022-07-28,159845,中证1000ETF华夏,中证1000
2022-07-29,159845,中证1000ETF华夏,中证1000
2022-08-01,159845,中证1000ETF华夏,中证1000
2022-08-02,159845,中证1000ETF华夏,中证1000
2022-08-03,159845,中证1000ETF华夏,中证1000
2022-08-04,159845,中证1000ETF华夏,中证1000
2022-08-05,159845,中证1000ETF华夏,中证1000
2022-08-08,159845,中证1000ETF华夏,中证1000
2022-08-09,159845,中证1000ETF华夏,中证1000
2022-08-10,159845,中证1000ETF华夏,中证1000
2022-08-11,159845,中证1000ETF华夏,中证1000
2022-08-12,159845,中证1000ETF华夏,中证1000
2022-08-15,159845,中证1000ETF华夏,中证1000
2022-08-16,159845,中证1000ETF华夏,中证1000
2022-08-17,159845,中证1000ETF华夏,中证1000
2022-08-18,159845,中证1000ETF华夏,中证1000
2022-08-19,159845,中证1000ETF华夏,中证1000
2022-08-22,159845,中证1000ETF华夏,中证1000
2022-08-23,159845,中证1000ETF华夏,中证1000
2022-08-24,159845,中证1000ETF华夏,中证1000
2022-08-25,159845,中证1000ETF华夏,中证1000
2022-08-26,159845,中证1000ETF华夏,中证1000
2022-08-29,159845,中证1000ETF华夏,中证1000
2022-08-30,159845,中证1000ETF华夏,中证1000
2022-08-31,159845,中证1000ETF华夏,中证1000
2022-09-01,159845,中证1000ETF华夏,中证1000
2022-09-02,511990,华宝添益ETF,货币
2022-09-05,511990,华宝添益ETF,货币
2022-09-06,511990,华宝添益ETF,货币
2022-09-07,511990,华宝添益ETF,货币
2022-09-08,511990,华宝添益ETF,货币
2022-09-09,511990,华宝添益ETF,货币
2022-09-13,511990,华宝添益ETF,货币
2022-09-14,511990,华宝添益ETF,货币
2022-09-15,511990,华宝添益ETF,货币
2022-09-16,511990,华宝添益ETF,货币
2022-09-19,511990,华宝添益ETF,货币
2022-09-20,511990,华宝添益ETF,货币
2022-09-21,511990,华宝添益ETF,货币
2022-09-22,511990,华宝添益ETF,货币
2022-09-23,511990,华宝添益ETF,货币
2022-09-26,511990,华宝添益ETF,货币
2022-09-27,511990,华宝添益ETF,货币
2022-09-28,511990,华宝添益ETF,货币
2022-09-29,511990,华宝添益ETF,货币
2022-09-30,511990,华宝添益ETF,货币
2022-10-10,518880,黄金ETF华安,黄金
2022-10-11,518880,黄金ETF华安,黄金
2022-10-12,518880,黄金ETF华安,黄金
2022-10-13,518880,黄金ETF华安,黄金
2022-10-14,518880,黄金ETF华安,黄金
2022-10-17,518880,黄金ETF华安,黄金
2022-10-18,518880,黄金ETF华安,黄金
2022-10-19,518880,黄金ETF华安,黄金
2022-10-20,518880,黄金ETF华安,黄金
2022-10-21,518880,黄金ETF华安,黄金
2022-10-24,511990,华宝添益ETF,货币
2022-10-25,511990,华宝添益ETF,货币
2022-10-26,511990,华宝添益ETF,货币
2022-10-27,511990,华宝添益ETF,货币
2022-10-28,511990,华宝添益ETF,货币
2022-10-31,511990,华宝添益ETF,货币
2022-11-01,511990,华宝添益ETF,货币
2022-11-02,511990,华宝添益ETF,货币
2022-11-03,511990,华宝添益ETF,货币
2022-11-04,511990,华宝添益ETF,货币
2022-11-07,513030,德国ETF华安,德国
2022-11-08,513030,德国ETF华安,德国
2022-11-09,513030,德国ETF华安,德国
2022-11-10,513030,德国ETF华安,德国
2022-11-11,513030,德国ETF华安,德国
2022-11-14,513030,德国ETF华安,德国
2022-11-15,513030,德国ETF华安,德国
2022-11-16,513030,德国ETF华安,德国
2022-11-17,513030,德国ETF华安,德国
2022-11-18,513030,德国ETF华安,德国
2022-11-21,513030,德国ETF华安,德国
2022-11-22,513030,德国ETF华安,德国
2022-11-23,513030,德国ETF华安,德国
2022-11-24,513030,德国ETF华安,德国
2022-11-25,513030,德国ETF华安,德国
2022-11-28,513030,德国ETF华安,德国
2022-11-29,513030,德国ETF华安,德国
2022-11-30,513030,德国ETF华安,德国
2022-12-01,513030,德国ETF华安,德国
2022-12-02,513030,德国ETF华安,德国
2022-12-05,513030,德国ETF华安,德国
2022-12-06,513030,德国ETF华安,德国
2022-12-07,513030,德国ETF华安,德国
2022-12-08,513030,德国ETF华安,德国
2022-12-09,513030,德国ETF华安,德国
2022-12-12,513030,德国ETF华安,德国
2022-12-13,513030,德国ETF华安,德国
2022-12-14,513030,德国ETF华安,德国
2022-12-15,513030,德国ETF华安,德国
2022-12-16,513030,德国ETF华安,德国
2022-12-19,511990,华宝添益ETF,货币
2022-12-20,511990,华宝添益ETF,货币
2022-12-21,511990,华宝添益ETF,货币
2022-12-22,511990,华宝添益ETF,货币
2022-12-23,511990,华宝添益ETF,货币
2022-12-26,511990,华宝添益ETF,货币
2022-12-27,511990,华宝添益ETF,货币
2022-12-28,511990,华宝添益ETF,货币
2022-12-29,511990,华宝添益ETF,货币
2022-12-30,511990,华宝添益ETF,货币
2023-01-03,159985,豆粕ETF华夏,商品
2023-01-04,159985,豆粕ETF华夏,商品
2023-01-05,159985,豆粕ETF华夏,商品
2023-01-06,159985,豆粕ETF华夏,商品
2023-01-09,159985,豆粕ETF华夏,商品
2023-01-10,159985,豆粕ETF华夏,商品
2023-01-11,159985,豆粕ETF华夏,商品
2023-01-12,159985,豆粕ETF华夏,商品
2023-01-13,159985,豆粕ETF华夏,商品
2023-01-16,159985,豆粕ETF华夏,商品
2023-01-17,159920,恒生ETF华夏,港股
2023-01-18,159920,恒生ETF华夏,港股
2023-01-19,159920,恒生ETF华夏,港股
2023-01-20,159920,恒生ETF华夏,港股
2023-01-30,159920,恒生ETF华夏,港股
2023-01-31,159920,恒生ETF华夏,港股
2023-02-01,159920,恒生ETF华夏,港股
2023-02-02,159920,恒生ETF华夏,港股
2023-02-03,159920,恒生ETF华夏,港股
2023-02-06,159920,恒生ETF华夏,港股
2023-02-07,511880,银华日利ETF,货币
2023-02-08,511880,银华日利ETF,货币
2023-02-09,511880,银华日利ETF,货币
2023-02-10,511880,银华日利ETF,货币
2023-02-13,511880,银华日利ETF,货币
2023-02-14,511880,银华日利ETF,货币
2023-02-15,511880,银华日利ETF,货币
2023-02-16,511880,银华日利ETF,货币
2023-02-17,511880,银华日利ETF,货币
2023-02-20,511880,银华日利ETF,货币
2023-02-21,512100,中证1000ETF南方,中证1000
2023-02-22,512100,中证1000ETF南方,中证1000
2023-02-23,512100,中证1000ETF南方,中证1000
2023-02-24,512100,中证1000ETF南方,中证1000
2023-02-27,512100,中证1000ETF南方,中证1000
2023-02-28,512100,中证1000ETF南方,中证1000
2023-03-01,512100,中证1000ETF南方,中证1000
2023-03-02,512100,中证1000ETF南方,中证1000
2023-03-03,512100,中证1000ETF南方,中证1000
2023-03-06,512100,中证1000ETF南方,中证1000
2023-03-07,518880,黄金ETF华安,黄金
2023-03-08,518880,黄金ETF华安,黄金
2023-03-09,518880,黄金ETF华安,黄金
2023-03-10,518880,黄金ETF华安,黄金
2023-03-13,518880,黄金ETF华安,黄金
2023-03-14,518880,黄金ETF华安,黄金
2023-03-15,518880,黄金ETF华安,黄金
2023-03-16,518880,黄金ETF华安,黄金
2023-03-17,518880,黄金ETF华安,黄金
2023-03-20,518880,黄金ETF华安,黄金
2023-03-21,518880,黄金ETF华安,黄金
2023-03-22,518880,黄金ETF华安,黄金
2023-03-23,518880,黄金ETF华安,黄金
2023-03-24,518880,黄金ETF华安,黄金
2023-03-27,518880,黄金ETF华安,黄金
2023-03-28,518880,黄金ETF华安,黄金
2023-03-29,518880,黄金ETF华安,黄金
2023-03-30,518880,黄金ETF华安,黄金
2023-03-31,518880,黄金ETF华安,黄金
2023-04-03,518880,黄金ETF华安,黄金
2023-04-04,588000,科创50ETF华夏,科创
2023-04-06,588000,科创50ETF华夏,科创
2023-04-07,588000,科创50ETF华夏,科创
2023-04-10,588000,科创50ETF华夏,科创
2023-04-11,588000,科创50ETF华夏,科创
2023-04-12,588000,科创50ETF华夏,科创
2023-04-13,588000,科创50ETF华夏,科创
2023-04-14,588000,科创50ETF华夏,科创
2023-04-17,588000,科创50ETF华夏,科创
2023-04-18,588000,科创50ETF华夏,科创
2023-04-19,510880,红利ETF华泰柏瑞,红利
2023-04-20,510880,红利ETF华泰柏瑞,红利
2023-04-21,510880,红利ETF华泰柏瑞,红利
2023-04-24,510880,红利ETF华泰柏瑞,红利
2023-04-25,510880,红利ETF华泰柏瑞,红利
2023-04-26,510880,红利ETF华泰柏瑞,红利
2023-04-27,510880,红利ETF华泰柏瑞,红利
2023-04-28,510880,红利ETF华泰柏瑞,红利
2023-05-04,510880,红利ETF华泰柏瑞,红利
2023-05-05,510880,红利ETF华泰柏瑞,红利
2023-05-08,510880,红利ETF华泰柏瑞,红利
2023-05-09,510880,红利ETF华泰柏瑞,红利
2023-05-10,510880,红利ETF华泰柏瑞,红利
2023-05-11,510880,红利ETF华泰柏瑞,红利
2023-05-12,510880,红利ETF华泰柏瑞,红利
2023-05-15,510880,红利ETF华泰柏瑞,红利
2023-05-16,510880,红利ETF华泰柏瑞,红利
2023-05-17,510880,红利ETF华泰柏瑞,红利
2023-05-18,510880,红利ETF华泰柏瑞,红利
2023-05-19,510880,红利ETF华泰柏瑞,红利
2023-05-22,159941,纳指ETF广发,美股
2023-05-23,159941,纳指ETF广发,美股
2023-05-24,159941,纳指ETF广发,美股
2023-05-25,159941,纳指ETF广发,美股
2023-05-26,159941,纳指ETF广发,美股
2023-05-29,159941,纳指ETF广发,美股
2023-05-30,159941,纳指ETF广发,美股
2023-05-31,159941,纳指ETF广发,美股
2023-06-01,159941,纳指ETF广发,美股
2023-06-02,159941,纳指ETF广发,美股
2023-06-05,159941,纳指ETF广发,美股
2023-06-06,159941,纳指ETF广发,美股
2023-06-07,159941,纳指ETF广发,美股
2023-06-08,159941,纳指ETF广发,美股
2023-06-09,159941,纳指ETF广发,美股
2023-06-12,159941,纳指ETF广发,美股
2023-06-13,159941,纳指ETF广发,美股
2023-06-14,159941,纳指ETF广发,美股
2023-06-15,159941,纳指ETF广发,美股
2023-06-16,159941,纳指ETF广发,美股
2023-06-19,513100,纳指ETF国泰,美股
2023-06-20,513100,纳指ETF国泰,美股
2023-06-21,513100,纳指ETF国泰,美股
2023-06-26,513100,纳指ETF国泰,美股
2023-06-27,513100,纳指ETF国泰,美股
2023-06-28,513100,纳指ETF国泰,美股
2023-06-29,513100,纳指ETF国泰,美股
2023-06-30,513100,纳指ETF国泰,美股
2023-07-03,513100,纳指ETF国泰,美股
2023-07-04,513100,纳指ETF国泰,美股
2023-07-05,159941,纳指ETF广发,美股
2023-07-06,159941,纳指ETF广发,美股
2023-07-07,159941,纳指ETF广发,美股
2023-07-10,159941,纳指ETF广发,美股
2023-07-11,159941,纳指ETF广发,美股
2023-07-12,159941,纳指ETF广发,美股
2023-07-13,159941,纳指ETF广发,美股
2023-07-14,159941,纳指ETF广发,美股
2023-07-17,159941,纳指ETF广发,美股
2023-07-18,159941,纳指ETF广发,美股
2023-07-19,513100,纳指ETF国泰,美股
2023-07-20,513100,纳指ETF国泰,美股
2023-07-21,513100,纳指ETF国泰,美股
2023-07-24,513100,纳指ETF国泰,美股
2023-07-25,513100,纳指ETF国泰,美股
2023-07-26,513100,纳指ETF国泰,美股
2023-07-27,513100,纳指ETF国泰,美股
2023-07-28,513100,纳指ETF国泰,美股
2023-07-31,513100,纳指ETF国泰,美股
2023-08-01,513100,纳指ETF国泰,美股
2023-08-02,513100,纳指ETF国泰,美股
2023-08-03,513100,纳指ETF国泰,美股
2023-08-04,513100,纳指ETF国泰,美股
2023-08-07,513100,纳指ETF国泰,美股
2023-08-08,513100,纳指ETF国泰,美股
2023-08-09,513100,纳指ETF国泰,美股
2023-08-10,513100,纳指ETF国泰,美股
2023-08-11,513100,纳指ETF国泰,美股
2023-08-14,513100,纳指ETF国泰,美股
2023-08-15,513100,纳指ETF国泰,美股
2023-08-16,159985,豆粕ETF华夏,商品
2023-08-17,159985,豆粕ETF华夏,商品
2023-08-18,159985,豆粕ETF华夏,商品
2023-08-21,159985,豆粕ETF华夏,商品
2023-08-22,159985,豆粕ETF华夏,商品
2023-08-23,159985,豆粕ETF华夏,商品
2023-08-24,159985,豆粕ETF华夏,商品
2023-08-25,159985,豆粕ETF华夏,商品
2023-08-28,159985,豆粕ETF华夏,商品
2023-08-29,159985,豆粕ETF华夏,商品
2023-08-30,159985,豆粕ETF华夏,商品
2023-08-31,159985,豆粕ETF华夏,商品
2023-09-01,159985,豆粕ETF华夏,商品
2023-09-04,159985,豆粕ETF华夏,商品
2023-09-05,159985,豆粕ETF华夏,商品
2023-09-06,159985,豆粕ETF华夏,商品
2023-09-07,159985,豆粕ETF华夏,商品
2023-09-08,159985,豆粕ETF华夏,商品
2023-09-11,159985,豆粕ETF华夏,商品
2023-09-12,159985,豆粕ETF华夏,商品
2023-09-13,518880,黄金ETF华安,黄金
2023-09-14,518880,黄金ETF华安,黄金
2023-09-15,518880,黄金ETF华安,黄金
2023-09-18,518880,黄金ETF华安,黄金
2023-09-19,518880,黄金ETF华安,黄金
2023-09-20,518880,黄金ETF华安,黄金
2023-09-21,518880,黄金ETF华安,黄金
2023-09-22,518880,黄金ETF华安,黄金
2023-09-25,518880,黄金ETF华安,黄金
2023-09-26,518880,黄金ETF华安,黄金
2023-09-27,518880,黄金ETF华安,黄金
2023-09-28,518880,黄金ETF华安,黄金
2023-10-09,518880,黄金ETF华安,黄金
2023-10-10,518880,黄金ETF华安,黄金
2023-10-11,518880,黄金ETF华安,黄金
2023-10-12,518880,黄金ETF华安,黄金
2023-10-13,518880,黄金ETF华安,黄金
2023-10-16,518880,黄金ETF华安,黄金
2023-10-17,518880,黄金ETF华安,黄金
2023-10-18,518880,黄金ETF华安,黄金
2023-10-19,511880,银华日利ETF,货币
2023-10-20,511880,银华日利ETF,货币
2023-10-23,511880,银华日利ETF,货币
2023-10-24,511880,银华日利ETF,货币
2023-10-25,511880,银华日利ETF,货币
2023-10-26,511880,银华日利ETF,货币
2023-10-27,511880,银华日利ETF,货币
2023-10-30,511880,银华日利ETF,货币
2023-10-31,511880,银华日利ETF,货币
2023-11-01,511880,银华日利ETF,货币
2023-11-02,518880,黄金ETF华安,黄金
2023-11-03,518880,黄金ETF华安,黄金
2023-11-06,518880,黄金ETF华安,黄金
2023-11-07,518880,黄金ETF华安,黄金
2023-11-08,518880,黄金ETF华安,黄金
2023-11-09,518880,黄金ETF华安,黄金
2023-11-10,518880,黄金ETF华安,黄金
2023-11-13,518880,黄金ETF华安,黄金
2023-11-14,518880,黄金ETF华安,黄金
2023-11-15,518880,黄金ETF华安,黄金
2023-11-16,511880,银华日利ETF,货币
2023-11-17,511880,银华日利ETF,货币
2023-11-20,511880,银华日利ETF,货币
2023-11-21,511880,银华日利ETF,货币
2023-11-22,511880,银华日利ETF,货币
2023-11-23,511880,银华日利ETF,货币
2023-11-24,511880,银华日利ETF,货币
2023-11-27,511880,银华日利ETF,货币
2023-11-28,511880,银华日利ETF,货币
2023-11-29,511880,银华日利ETF,货币
2023-11-30,159941,纳指ETF广发,美股
2023-12-01,159941,纳指ETF广发,美股
2023-12-04,159941,纳指ETF广发,美股
2023-12-05,159941,纳指ETF广发,美股
2023-12-06,159941,纳指ETF广发,美股
2023-12-07,159941,纳指ETF广发,美股
2023-12-08,159941,纳指ETF广发,美股
2023-12-11,159941,纳指ETF广发,美股
2023-12-12,159941,纳指ETF广发,美股
2023-12-13,159941,纳指ETF广发,美股
2023-12-14,513030,德国ETF华安,德国
2023-12-15,513030,德国ETF华安,德国
2023-12-18,513030,德国ETF华安,德国
2023-12-19,513030,德国ETF华安,德国
2023-12-20,513030,德国ETF华安,德国
2023-12-21,513030,德国ETF华安,德国
2023-12-22,513030,德国ETF华安,德国
2023-12-25,513030,德国ETF华安,德国
2023-12-26,513030,德国ETF华安,德国
2023-12-27,513030,德国ETF华安,德国
2023-12-28,513030,德国ETF华安,德国
2023-12-29,513030,德国ETF华安,德国
2024-01-02,513030,德国ETF华安,德国
2024-01-03,513030,德国ETF华安,德国
2024-01-04,513030,德国ETF华安,德国
2024-01-05,513030,德国ETF华安,德国
2024-01-08,513030,德国ETF华安,德国
2024-01-09,513030,德国ETF华安,德国
2024-01-10,513030,德国ETF华安,德国
2024-01-11,513030,德国ETF华安,德国
2024-01-12,513520,日经ETF华夏,日经
2024-01-15,513520,日经ETF华夏,日经
2024-01-16,513520,日经ETF华夏,日经
2024-01-17,513520,日经ETF华夏,日经
2024-01-18,513520,日经ETF华夏,日经
2024-01-19,513520,日经ETF华夏,日经
2024-01-22,513520,日经ETF华夏,日经
2024-01-23,513520,日经ETF华夏,日经
2024-01-24,513520,日经ETF华夏,日经
2024-01-25,513520,日经ETF华夏,日经
2024-01-26,511990,华宝添益ETF,货币
2024-01-29,511990,华宝添益ETF,货币
2024-01-30,511990,华宝添益ETF,货币
2024-01-31,511990,华宝添益ETF,货币
2024-02-01,511990,华宝添益ETF,货币
2024-02-02,511990,华宝添益ETF,货币
2024-02-05,511990,华宝添益ETF,货币
2024-02-06,511990,华宝添益ETF,货币
2024-02-07,511990,华宝添益ETF,货币
2024-02-08,511990,华宝添益ETF,货币
2024-02-19,159509,纳指科技ETF景顺,美股
2024-02-20,159509,纳指科技ETF景顺,美股
2024-02-21,159509,纳指科技ETF景顺,美股
2024-02-22,159509,纳指科技ETF景顺,美股
2024-02-23,159509,纳指科技ETF景顺,美股
2024-02-26,159509,纳指科技ETF景顺,美股
2024-02-27,159509,纳指科技ETF景顺,美股
2024-02-28,159509,纳指科技ETF景顺,美股
2024-02-29,159509,纳指科技ETF景顺,美股
2024-03-01,159509,纳指科技ETF景顺,美股
2024-03-04,159509,纳指科技ETF景顺,美股
2024-03-05,159509,纳指科技ETF景顺,美股
2024-03-06,159509,纳指科技ETF景顺,美股
2024-03-07,159509,纳指科技ETF景顺,美股
2024-03-08,159509,纳指科技ETF景顺,美股
2024-03-11,159509,纳指科技ETF景顺,美股
2024-03-12,159509,纳指科技ETF景顺,美股
2024-03-13,159509,纳指科技ETF景顺,美股
2024-03-14,159509,纳指科技ETF景顺,美股
2024-03-15,159509,纳指科技ETF景顺,美股
2024-03-18,518880,黄金ETF华安,黄金
2024-03-19,518880,黄金ETF华安,黄金
2024-03-20,518880,黄金ETF华安,黄金
2024-03-21,518880,黄金ETF华安,黄金
2024-03-22,518880,黄金ETF华安,黄金
2024-03-25,518880,黄金ETF华安,黄金
2024-03-26,518880,黄金ETF华安,黄金
2024-03-27,518880,黄金ETF华安,黄金
2024-03-28,518880,黄金ETF华安,黄金
2024-03-29,518880,黄金ETF华安,黄金
2024-04-01,518880,黄金ETF华安,黄金
2024-04-02,518880,黄金ETF华安,黄金
2024-04-03,518880,黄金ETF华安,黄金
2024-04-08,518880,黄金ETF华安,黄金
2024-04-09,518880,黄金ETF华安,黄金
2024-04-10,518880,黄金ETF华安,黄金
2024-04-11,518880,黄金ETF华安,黄金
2024-04-12,518880,黄金ETF华安,黄金
2024-04-15,518880,黄金ETF华安,黄金
2024-04-16,518880,黄金ETF华安,黄金
2024-04-17,518880,黄金ETF华安,黄金
2024-04-18,518880,黄金ETF华安,黄金
2024-04-19,518880,黄金ETF华安,黄金
2024-04-22,518880,黄金ETF华安,黄金
2024-04-23,518880,黄金ETF华安,黄金
2024-04-24,518880,黄金ETF华安,黄金
2024-04-25,518880,黄金ETF华安,黄金
2024-04-26,518880,黄金ETF华安,黄金
2024-04-29,518880,黄金ETF华安,黄金
2024-04-30,518880,黄金ETF华安,黄金
2024-05-06,510900,恒生中国企业ETF易方达,港股
2024-05-07,510900,恒生中国企业ETF易方达,港股
2024-05-08,510900,恒生中国企业ETF易方达,港股
2024-05-09,510900,恒生中国企业ETF易方达,港股
2024-05-10,510900,恒生中国企业ETF易方达,港股
2024-05-13,510900,恒生中国企业ETF易方达,港股
2024-05-14,510900,恒生中国企业ETF易方达,港股
2024-05-15,510900,恒生中国企业ETF易方达,港股
2024-05-16,510900,恒生中国企业ETF易方达,港股
2024-05-17,510900,恒生中国企业ETF易方达,港股
2024-05-20,159920,恒生ETF华夏,港股
2024-05-21,159920,恒生ETF华夏,港股
2024-05-22,159920,恒生ETF华夏,港股
2024-05-23,159920,恒生ETF华夏,港股
2024-05-24,159920,恒生ETF华夏,港股
2024-05-27,159920,恒生ETF华夏,港股
2024-05-28,159920,恒生ETF华夏,港股
2024-05-29,159920,恒生ETF华夏,港股
2024-05-30,159920,恒生ETF华夏,港股
2024-05-31,159920,恒生ETF华夏,港股
2024-06-03,159980,有色ETF大成,商品
2024-06-04,159980,有色ETF大成,商品
2024-06-05,159980,有色ETF大成,商品
2024-06-06,159980,有色ETF大成,商品
2024-06-07,159980,有色ETF大成,商品
2024-06-11,159980,有色ETF大成,商品
2024-06-12,159980,有色ETF大成,商品
2024-06-13,159980,有色ETF大成,商品
2024-06-14,159980,有色ETF大成,商品
2024-06-17,159980,有色ETF大成,商品
2024-06-18,159509,纳指科技ETF景顺,美股
2024-06-19,159509,纳指科技ETF景顺,美股
2024-06-20,159509,纳指科技ETF景顺,美股
2024-06-21,159509,纳指科技ETF景顺,美股
2024-06-24,159509,纳指科技ETF景顺,美股
2024-06-25,159509,纳指科技ETF景顺,美股
2024-06-26,159509,纳指科技ETF景顺,美股
2024-06-27,159509,纳指科技ETF景顺,美股
2024-06-28,159509,纳指科技ETF景顺,美股
2024-07-01,159509,纳指科技ETF景顺,美股
2024-07-02,513100,纳指ETF国泰,美股
2024-07-03,513100,纳指ETF国泰,美股
2024-07-04,513100,纳指ETF国泰,美股
2024-07-05,513100,纳指ETF国泰,美股
2024-07-08,513100,纳指ETF国泰,美股
2024-07-09,513100,纳指ETF国泰,美股
2024-07-10,513100,纳指ETF国泰,美股
2024-07-11,513100,纳指ETF国泰,美股
2024-07-12,513100,纳指ETF国泰,美股
2024-07-15,513100,纳指ETF国泰,美股
2024-07-16,159941,纳指ETF广发,美股
2024-07-17,159941,纳指ETF广发,美股
2024-07-18,159941,纳指ETF广发,美股
2024-07-19,159941,纳指ETF广发,美股
2024-07-22,159941,纳指ETF广发,美股
2024-07-23,159941,纳指ETF广发,美股
2024-07-24,159941,纳指ETF广发,美股
2024-07-25,159941,纳指ETF广发,美股
2024-07-26,159941,纳指ETF广发,美股
2024-07-29,159941,纳指ETF广发,美股
2024-07-30,511990,华宝添益ETF,货币
2024-07-31,511990,华宝添益ETF,货币
2024-08-01,511990,华宝添益ETF,货币
2024-08-02,511990,华宝添益ETF,货币
2024-08-05,511990,华宝添益ETF,货币
2024-08-06,511990,华宝添益ETF,货币
2024-08-07,511990,华宝添益ETF,货币
2024-08-08,511990,华宝添益ETF,货币
2024-08-09,511990,华宝添益ETF,货币
2024-08-12,511990,华宝添益ETF,货币
2024-08-13,518880,黄金ETF华安,黄金
2024-08-14,518880,黄金ETF华安,黄金
2024-08-15,518880,黄金ETF华安,黄金
2024-08-16,518880,黄金ETF华安,黄金
2024-08-19,518880,黄金ETF华安,黄金
2024-08-20,518880,黄金ETF华安,黄金
2024-08-21,518880,黄金ETF华安,黄金
2024-08-22,518880,黄金ETF华安,黄金
2024-08-23,518880,黄金ETF华安,黄金
2024-08-26,518880,黄金ETF华安,黄金
2024-08-27,518880,黄金ETF华安,黄金
2024-08-28,518880,黄金ETF华安,黄金
2024-08-29,518880,黄金ETF华安,黄金
2024-08-30,518880,黄金ETF华安,黄金
2024-09-02,518880,黄金ETF华安,黄金
2024-09-03,518880,黄金ETF华安,黄金
2024-09-04,518880,黄金ETF华安,黄金
2024-09-05,518880,黄金ETF华安,黄金
2024-09-06,518880,黄金ETF华安,黄金
2024-09-09,518880,黄金ETF华安,黄金
2024-09-10,511990,华宝添益ETF,货币
2024-09-11,511990,华宝添益ETF,货币
2024-09-12,511990,华宝添益ETF,货币
2024-09-13,511990,华宝添益ETF,货币
2024-09-18,511990,华宝添益ETF,货币
2024-09-19,511990,华宝添益ETF,货币
2024-09-20,511990,华宝添益ETF,货币
2024-09-23,511990,华宝添益ETF,货币
2024-09-24,511990,华宝添益ETF,货币
2024-09-25,511990,华宝添益ETF,货币
2024-09-26,518880,黄金ETF华安,黄金
2024-09-27,518880,黄金ETF华安,黄金
2024-09-30,518880,黄金ETF华安,黄金
2024-10-08,518880,黄金ETF华安,黄金
2024-10-09,518880,黄金ETF华安,黄金
2024-10-10,518880,黄金ETF华安,黄金
2024-10-11,518880,黄金ETF华安,黄金
2024-10-14,518880,黄金ETF华安,黄金
2024-10-15,518880,黄金ETF华安,黄金
2024-10-16,518880,黄金ETF华安,黄金
2024-10-17,518880,黄金ETF华安,黄金
2024-10-18,518880,黄金ETF华安,黄金
2024-10-21,518880,黄金ETF华安,黄金
2024-10-22,518880,黄金ETF华安,黄金
2024-10-23,518880,黄金ETF华安,黄金
2024-10-24,518880,黄金ETF华安,黄金
2024-10-25,518880,黄金ETF华安,黄金
2024-10-28,518880,黄金ETF华安,黄金
2024-10-29,518880,黄金ETF华安,黄金
2024-10-30,518880,黄金ETF华安,黄金
2024-10-31,518880,黄金ETF华安,黄金
2024-11-01,518880,黄金ETF华安,黄金
2024-11-04,518880,黄金ETF华安,黄金
2024-11-05,518880,黄金ETF华安,黄金
2024-11-06,518880,黄金ETF华安,黄金
2024-11-07,518880,黄金ETF华安,黄金
2024-11-08,518880,黄金ETF华安,黄金
2024-11-11,518880,黄金ETF华安,黄金
2024-11-12,518880,黄金ETF华安,黄金
2024-11-13,518880,黄金ETF华安,黄金
2024-11-14,510500,中证500ETF南方,中证500
2024-11-15,510500,中证500ETF南方,中证500
2024-11-18,510500,中证500ETF南方,中证500
2024-11-19,510500,中证500ETF南方,中证500
2024-11-20,510500,中证500ETF南方,中证500
2024-11-21,510500,中证500ETF南方,中证500
2024-11-22,510500,中证500ETF南方,中证500
2024-11-25,510500,中证500ETF南方,中证500
2024-11-26,510500,中证500ETF南方,中证500
2024-11-27,510500,中证500ETF南方,中证500
2024-11-28,511880,银华日利ETF,货币
2024-11-29,511880,银华日利ETF,货币
2024-12-02,511880,银华日利ETF,货币
2024-12-03,511880,银华日利ETF,货币
2024-12-04,511880,银华日利ETF,货币
2024-12-05,511880,银华日利ETF,货币
2024-12-06,511880,银华日利ETF,货币
2024-12-09,511880,银华日利ETF,货币
2024-12-10,511880,银华日利ETF,货币
2024-12-11,511880,银华日利ETF,货币
2024-12-12,159941,纳指ETF广发,美股
2024-12-13,159941,纳指ETF广发,美股
2024-12-16,159941,纳指ETF广发,美股
2024-12-17,159941,纳指ETF广发,美股
2024-12-18,159941,纳指ETF广发,美股
2024-12-19,159941,纳指ETF广发,美股
2024-12-20,159941,纳指ETF广发,美股
2024-12-23,159941,纳指ETF广发,美股
2024-12-24,159941,纳指ETF广发,美股
2024-12-25,159941,纳指ETF广发,美股
2024-12-26,588000,科创50ETF华夏,科创
2024-12-27,588000,科创50ETF华夏,科创
2024-12-30,588000,科创50ETF华夏,科创
2024-12-31,588000,科创50ETF华夏,科创
2025-01-02,588000,科创50ETF华夏,科创
2025-01-03,588000,科创50ETF华夏,科创
2025-01-06,511880,银华日利ETF,货币
2025-01-07,511880,银华日利ETF,货币
2025-01-08,511880,银华日利ETF,货币
2025-01-09,511880,银华日利ETF,货币
2025-01-10,511880,银华日利ETF,货币
2025-01-13,511880,银华日利ETF,货币
2025-01-14,511880,银华日利ETF,货币
2025-01-15,511880,银华日利ETF,货币
2025-01-16,511880,银华日利ETF,货币
2025-01-17,511880,银华日利ETF,货币
2025-01-20,513030,德国ETF华安,德国
2025-01-21,513030,德国ETF华安,德国
2025-01-22,513030,德国ETF华安,德国
2025-01-23,513030,德国ETF华安,德国
2025-01-24,513030,德国ETF华安,德国
2025-01-27,513030,德国ETF华安,德国
2025-02-05,511880,银华日利ETF,货币
2025-02-06,511880,银华日利ETF,货币
2025-02-07,511880,银华日利ETF,货币
2025-02-10,511880,银华日利ETF,货币
2025-02-11,511880,银华日利ETF,货币
2025-02-12,511880,银华日利ETF,货币
2025-02-13,511880,银华日利ETF,货币
2025-02-14,511880,银华日利ETF,货币
2025-02-17,511880,银华日利ETF,货币
2025-02-18,511880,银华日利ETF,货币
2025-02-19,159920,恒生ETF华夏,港股
2025-02-20,159920,恒生ETF华夏,港股
2025-02-21,159920,恒生ETF华夏,港股
2025-02-24,159920,恒生ETF华夏,港股
2025-02-25,159920,恒生ETF华夏,港股
2025-02-26,159920,恒生ETF华夏,港股
2025-02-27,159920,恒生ETF华夏,港股
2025-02-28,159920,恒生ETF华夏,港股
2025-03-03,159920,恒生ETF华夏,港股
2025-03-04,159920,恒生ETF华夏,港股
2025-03-05,159920,恒生ETF华夏,港股
2025-03-06,159920,恒生ETF华夏,港股
2025-03-07,159920,恒生ETF华夏,港股
2025-03-10,159920,恒生ETF华夏,港股
2025-03-11,159920,恒生ETF华夏,港股
2025-03-12,159920,恒生ETF华夏,港股
2025-03-13,159920,恒生ETF华夏,港股
2025-03-14,159920,恒生ETF华夏,港股
2025-03-17,159920,恒生ETF华夏,港股
2025-03-18,159920,恒生ETF华夏,港股
2025-03-19,518880,黄金ETF华安,黄金
2025-03-20,518880,黄金ETF华安,黄金
2025-03-21,518880,黄金ETF华安,黄金
2025-03-24,518880,黄金ETF华安,黄金
2025-03-25,518880,黄金ETF华安,黄金
2025-03-26,518880,黄金ETF华安,黄金
2025-03-27,518880,黄金ETF华安,黄金
2025-03-28,518880,黄金ETF华安,黄金
2025-03-31,518880,黄金ETF华安,黄金
2025-04-01,518880,黄金ETF华安,黄金
2025-04-02,518880,黄金ETF华安,黄金
2025-04-03,518880,黄金ETF华安,黄金
2025-04-07,518880,黄金ETF华安,黄金
2025-04-08,518880,黄金ETF华安,黄金
2025-04-09,518880,黄金ETF华安,黄金
2025-04-10,518880,黄金ETF华安,黄金
2025-04-11,518880,黄金ETF华安,黄金
2025-04-14,518880,黄金ETF华安,黄金
2025-04-15,518880,黄金ETF华安,黄金
2025-04-16,518880,黄金ETF华安,黄金
2025-04-17,518880,黄金ETF华安,黄金
2025-04-18,518880,黄金ETF华安,黄金
2025-04-21,518880,黄金ETF华安,黄金
2025-04-22,518880,黄金ETF华安,黄金
2025-04-23,518880,黄金ETF华安,黄金
2025-04-24,518880,黄金ETF华安,黄金
2025-04-25,518880,黄金ETF华安,黄金
2025-04-28,518880,黄金ETF华安,黄金
2025-04-29,518880,黄金ETF华安,黄金
2025-04-30,518880,黄金ETF华安,黄金
2025-05-06,518880,黄金ETF华安,黄金
2025-05-07,518880,黄金ETF华安,黄金
2025-05-08,518880,黄金ETF华安,黄金
2025-05-09,518880,黄金ETF华安,黄金
2025-05-12,518880,黄金ETF华安,黄金
2025-05-13,518880,黄金ETF华安,黄金
2025-05-14,518880,黄金ETF华安,黄金
2025-05-15,518880,黄金ETF华安,黄金
2025-05-16,518880,黄金ETF华安,黄金
2025-05-19,518880,黄金ETF华安,黄金
2025-05-20,159920,恒生ETF华夏,港股
2025-05-21,159920,恒生ETF华夏,港股
2025-05-22,159920,恒生ETF华夏,港股
2025-05-23,159920,恒生ETF华夏,港股
2025-05-26,159920,恒生ETF华夏,港股
2025-05-27,159920,恒生ETF华夏,港股
2025-05-28,159920,恒生ETF华夏,港股
2025-05-29,159920,恒生ETF华夏,港股
2025-05-30,159920,恒生ETF华夏,港股
2025-06-03,159920,恒生ETF华夏,港股
2025-06-04,510880,红利ETF华泰柏瑞,红利
2025-06-05,510880,红利ETF华泰柏瑞,红利
2025-06-06,510880,红利ETF华泰柏瑞,红利
2025-06-09,510880,红利ETF华泰柏瑞,红利
2025-06-10,510880,红利ETF华泰柏瑞,红利
2025-06-11,510880,红利ETF华泰柏瑞,红利
2025-06-12,510880,红利ETF华泰柏瑞,红利
2025-06-13,510880,红利ETF华泰柏瑞,红利
2025-06-16,510880,红利ETF华泰柏瑞,红利
2025-06-17,510880,红利ETF华泰柏瑞,红利
2025-06-18,513630,港股低波红利ETF摩根,红利
2025-06-19,513630,港股低波红利ETF摩根,红利
2025-06-20,513630,港股低波红利ETF摩根,红利
2025-06-23,513630,港股低波红利ETF摩根,红利
2025-06-24,513630,港股低波红利ETF摩根,红利
2025-06-25,513630,港股低波红利ETF摩根,红利
2025-06-26,513630,港股低波红利ETF摩根,红利
2025-06-27,513630,港股低波红利ETF摩根,红利
2025-06-30,513630,港股低波红利ETF摩根,红利
2025-07-01,513630,港股低波红利ETF摩根,红利
2025-07-02,159509,纳指科技ETF景顺,美股
2025-07-03,159509,纳指科技ETF景顺,美股
2025-07-04,159509,纳指科技ETF景顺,美股
2025-07-07,159509,纳指科技ETF景顺,美股
2025-07-08,159509,纳指科技ETF景顺,美股
2025-07-09,159509,纳指科技ETF景顺,美股
2025-07-10,159509,纳指科技ETF景顺,美股
2025-07-11,159509,纳指科技ETF景顺,美股
2025-07-14,159509,纳指科技ETF景顺,美股
2025-07-15,159509,纳指科技ETF景顺,美股
2025-07-16,159509,纳指科技ETF景顺,美股
2025-07-17,159509,纳指科技ETF景顺,美股
2025-07-18,159509,纳指科技ETF景顺,美股
2025-07-21,159509,纳指科技ETF景顺,美股
2025-07-22,159509,纳指科技ETF景顺,美股
2025-07-23,159509,纳指科技ETF景顺,美股
2025-07-24,159509,纳指科技ETF景顺,美股
2025-07-25,159509,纳指科技ETF景顺,美股
2025-07-28,159509,纳指科技ETF景顺,美股
2025-07-29,159509,纳指科技ETF景顺,美股
2025-07-30,513630,港股低波红利ETF摩根,红利
2025-07-31,513630,港股低波红利ETF摩根,红利
2025-08-01,513630,港股低波红利ETF摩根,红利
2025-08-04,513630,港股低波红利ETF摩根,红利
2025-08-05,513630,港股低波红利ETF摩根,红利
2025-08-06,513630,港股低波红利ETF摩根,红利
2025-08-07,513630,港股低波红利ETF摩根,红利
2025-08-08,513630,港股低波红利ETF摩根,红利
2025-08-11,513630,港股低波红利ETF摩根,红利
2025-08-12,513630,港股低波红利ETF摩根,红利
2025-08-13,512100,中证1000ETF南方,中证1000
2025-08-14,512100,中证1000ETF南方,中证1000
2025-08-15,512100,中证1000ETF南方,中证1000
2025-08-18,512100,中证1000ETF南方,中证1000
2025-08-19,512100,中证1000ETF南方,中证1000
2025-08-20,512100,中证1000ETF南方,中证1000
2025-08-21,512100,中证1000ETF南方,中证1000
2025-08-22,512100,中证1000ETF南方,中证1000
2025-08-25,512100,中证1000ETF南方,中证1000
2025-08-26,512100,中证1000ETF南方,中证1000
2025-08-27,512100,中证1000ETF南方,中证1000
2025-08-28,512100,中证1000ETF南方,中证1000
2025-08-29,512100,中证1000ETF南方,中证1000
2025-09-01,512100,中证1000ETF南方,中证1000
2025-09-02,512100,中证1000ETF南方,中证1000
2025-09-03,512100,中证1000ETF南方,中证1000
2025-09-04,512100,中证1000ETF南方,中证1000
2025-09-05,512100,中证1000ETF南方,中证1000
2025-09-08,512100,中证1000ETF南方,中证1000
2025-09-09,512100,中证1000ETF南方,中证1000
2025-09-10,512400,有色金属ETF南方,商品
2025-09-11,512400,有色金属ETF南方,商品
2025-09-12,512400,有色金属ETF南方,商品
2025-09-15,512400,有色金属ETF南方,商品
2025-09-16,512400,有色金属ETF南方,商品
2025-09-17,512400,有色金属ETF南方,商品
2025-09-18,512400,有色金属ETF南方,商品
2025-09-19,512400,有色金属ETF南方,商品
2025-09-22,512400,有色金属ETF南方,商品
2025-09-23,512400,有色金属ETF南方,商品
2025-09-24,159941,纳指ETF广发,美股
2025-09-25,159941,纳指ETF广发,美股
2025-09-26,159941,纳指ETF广发,美股
2025-09-29,159941,纳指ETF广发,美股
2025-09-30,159941,纳指ETF广发,美股
2025-10-09,159941,纳指ETF广发,美股
2025-10-10,159941,纳指ETF广发,美股
2025-10-13,159941,纳指ETF广发,美股
2025-10-14,159941,纳指ETF广发,美股
2025-10-15,159941,纳指ETF广发,美股
2025-10-16,518880,黄金ETF华安,黄金
2025-10-17,518880,黄金ETF华安,黄金
2025-10-20,518880,黄金ETF华安,黄金
2025-10-21,518880,黄金ETF华安,黄金
2025-10-22,518880,黄金ETF华安,黄金
2025-10-23,518880,黄金ETF华安,黄金
2025-10-24,518880,黄金ETF华安,黄金
2025-10-27,518880,黄金ETF华安,黄金
2025-10-28,518880,黄金ETF华安,黄金
2025-10-29,511880,银华日利ETF,货币
2025-10-30,511880,银华日利ETF,货币
2025-10-31,511880,银华日利ETF,货币
2025-11-03,511880,银华日利ETF,货币
2025-11-04,511880,银华日利ETF,货币
2025-11-05,511880,银华日利ETF,货币
2025-11-06,511880,银华日利ETF,货币
2025-11-07,511880,银华日利ETF,货币
2025-11-10,511880,银华日利ETF,货币
2025-11-11,511880,银华日利ETF,货币
2025-11-12,513630,港股低波红利ETF摩根,红利
2025-11-13,513630,港股低波红利ETF摩根,红利
2025-11-14,513630,港股低波红利ETF摩根,红利
2025-11-17,513630,港股低波红利ETF摩根,红利
2025-11-18,513630,港股低波红利ETF摩根,红利
2025-11-19,513630,港股低波红利ETF摩根,红利
2025-11-20,513630,港股低波红利ETF摩根,红利
2025-11-21,513630,港股低波红利ETF摩根,红利
2025-11-24,513630,港股低波红利ETF摩根,红利
2025-11-25,513630,港股低波红利ETF摩根,红利
2025-11-26,518880,黄金ETF华安,黄金
2025-11-27,518880,黄金ETF华安,黄金
2025-11-28,518880,黄金ETF华安,黄金
2025-12-01,518880,黄金ETF华安,黄金
2025-12-02,518880,黄金ETF华安,黄金
2025-12-03,518880,黄金ETF华安,黄金
2025-12-04,518880,黄金ETF华安,黄金
2025-12-05,518880,黄金ETF华安,黄金
2025-12-08,518880,黄金ETF华安,黄金
2025-12-09,518880,黄金ETF华安,黄金
2025-12-10,518880,黄金ETF华安,黄金
2025-12-11,518880,黄金ETF华安,黄金
2025-12-12,518880,黄金ETF华安,黄金
2025-12-15,518880,黄金ETF华安,黄金
2025-12-16,518880,黄金ETF华安,黄金
2025-12-17,518880,黄金ETF华安,黄金
2025-12-18,518880,黄金ETF华安,黄金
2025-12-19,518880,黄金ETF华安,黄金
2025-12-22,518880,黄金ETF华安,黄金
2025-12-23,518880,黄金ETF华安,黄金
2025-12-24,518880,黄金ETF华安,黄金
2025-12-25,518880,黄金ETF华安,黄金
2025-12-26,518880,黄金ETF华安,黄金
2025-12-29,518880,黄金ETF华安,黄金
2025-12-30,518880,黄金ETF华安,黄金
2025-12-31,518880,黄金ETF华安,黄金
2026-01-05,518880,黄金ETF华安,黄金
2026-01-06,518880,黄金ETF华安,黄金
2026-01-07,518880,黄金ETF华安,黄金
2026-01-08,518880,黄金ETF华安,黄金
2026-01-09,512400,有色金属ETF南方,商品
2026-01-12,512400,有色金属ETF南方,商品
2026-01-13,512400,有色金属ETF南方,商品
2026-01-14,512400,有色金属ETF南方,商品
2026-01-15,512400,有色金属ETF南方,商品
2026-01-16,512400,有色金属ETF南方,商品
2026-01-19,512400,有色金属ETF南方,商品
2026-01-20,512400,有色金属ETF南方,商品
2026-01-21,512400,有色金属ETF南方,商品
2026-01-22,512400,有色金属ETF南方,商品
2026-01-23,512400,有色金属ETF南方,商品
2026-01-26,512400,有色金属ETF南方,商品
2026-01-27,512400,有色金属ETF南方,商品
2026-01-28,512400,有色金属ETF南方,商品
2026-01-29,512400,有色金属ETF南方,商品
2026-01-30,512400,有色金属ETF南方,商品
2026-02-02,511880,银华日利ETF,货币
2026-02-03,511880,银华日利ETF,货币
2026-02-04,511880,银华日利ETF,货币
2026-02-05,511880,银华日利ETF,货币
2026-02-06,511880,银华日利ETF,货币
2026-02-09,511880,银华日利ETF,货币
2026-02-10,511880,银华日利ETF,货币
2026-02-11,511880,银华日利ETF,货币
2026-02-12,511880,银华日利ETF,货币
2026-02-13,511880,银华日利ETF,货币
2026-02-24,513520,日经ETF华夏,日经
2026-02-25,513520,日经ETF华夏,日经
2026-02-26,513520,日经ETF华夏,日经
2026-02-27,513520,日经ETF华夏,日经
2026-03-02,513520,日经ETF华夏,日经
2026-03-03,513520,日经ETF华夏,日经
2026-03-04,513520,日经ETF华夏,日经
2026-03-05,511880,银华日利ETF,货币
2026-03-06,511880,银华日利ETF,货币
2026-03-09,511880,银华日利ETF,货币
2026-03-10,511880,银华日利ETF,货币
2026-03-11,511880,银华日利ETF,货币
2026-03-12,511880,银华日利ETF,货币
2026-03-13,511880,银华日利ETF,货币
2026-03-16,511880,银华日利ETF,货币
2026-03-17,511880,银华日利ETF,货币
2026-03-18,511880,银华日利ETF,货币
2026-03-19,159981,能源化工ETF建信,商品
2026-03-20,159981,能源化工ETF建信,商品
2026-03-23,159981,能源化工ETF建信,商品
2026-03-24,159981,能源化工ETF建信,商品
2026-03-25,159981,能源化工ETF建信,商品
2026-03-26,159981,能源化工ETF建信,商品
2026-03-27,159981,能源化工ETF建信,商品
2026-03-30,159981,能源化工ETF建信,商品
2026-03-31,159981,能源化工ETF建信,商品
2026-04-01,159981,能源化工ETF建信,商品
2026-04-02,511880,银华日利ETF,货币
2026-04-03,511880,银华日利ETF,货币
2026-04-07,511880,银华日利ETF,货币
2026-04-08,511880,银华日利ETF,货币
2026-04-09,511880,银华日利ETF,货币
2026-04-10,511880,银华日利ETF,货币
2026-04-13,511880,银华日利ETF,货币
2026-04-14,511880,银华日利ETF,货币
2026-04-15,511880,银华日利ETF,货币
2026-04-16,511880,银华日利ETF,货币
2026-04-17,159915,创业板ETF易方达,创业板
2026-04-20,159915,创业板ETF易方达,创业板
2026-04-21,159915,创业板ETF易方达,创业板
2026-04-22,159915,创业板ETF易方达,创业板
2026-04-23,159915,创业板ETF易方达,创业板
2026-04-24,159915,创业板ETF易方达,创业板
2026-04-27,159915,创业板ETF易方达,创业板
2026-04-28,159915,创业板ETF易方达,创业板
2026-04-29,159915,创业板ETF易方达,创业板
2026-04-30,159915,创业板ETF易方达,创业板
2026-05-06,510880,红利ETF华泰柏瑞,红利
2026-05-07,510880,红利ETF华泰柏瑞,红利
2026-05-08,510880,红利ETF华泰柏瑞,红利
2026-05-11,510880,红利ETF华泰柏瑞,红利
2026-05-12,510880,红利ETF华泰柏瑞,红利
2026-05-13,510880,红利ETF华泰柏瑞,红利
2026-05-14,510880,红利ETF华泰柏瑞,红利
2026-05-15,510880,红利ETF华泰柏瑞,红利
2026-05-18,510880,红利ETF华泰柏瑞,红利
2026-05-19,510880,红利ETF华泰柏瑞,红利
2026-05-20,588000,科创50ETF华夏,科创
2026-05-21,588000,科创50ETF华夏,科创
2026-05-22,588000,科创50ETF华夏,科创
2026-05-25,588000,科创50ETF华夏,科创
2026-05-26,588000,科创50ETF华夏,科创
2026-05-27,588000,科创50ETF华夏,科创
2026-05-28,588000,科创50ETF华夏,科创
2026-05-29,588000,科创50ETF华夏,科创
2026-06-01,588000,科创50ETF华夏,科创
2026-06-02,511880,银华日利ETF,货币
2026-06-03,511880,银华日利ETF,货币
2026-06-04,511880,银华日利ETF,货币
2026-06-05,511880,银华日利ETF,货币
2026-06-08,511880,银华日利ETF,货币
2026-06-09,511880,银华日利ETF,货币
2026-06-10,511880,银华日利ETF,货币
2026-06-11,511880,银华日利ETF,货币
2026-06-12,511880,银华日利ETF,货币
2026-06-15,511880,银华日利ETF,货币
2026-06-16,513520,日经ETF华夏,日经
2026-06-17,513520,日经ETF华夏,日经
2026-06-18,513520,日经ETF华夏,日经
2026-06-22,513520,日经ETF华夏,日经
2026-06-23,513520,日经ETF华夏,日经
2026-06-24,513520,日经ETF华夏,日经
2026-06-25,513520,日经ETF华夏,日经
2026-06-26,513520,日经ETF华夏,日经
2026-06-29,513520,日经ETF华夏,日经
2026-06-30,513520,日经ETF华夏,日经
2026-07-01,588000,科创50ETF华夏,科创
2026-07-02,588000,科创50ETF华夏,科创
2026-07-03,588000,科创50ETF华夏,科创
2026-07-06,511880,银华日利ETF,货币
2026-07-07,511880,银华日利ETF,货币
2026-07-08,511880,银华日利ETF,货币
2026-07-09,511880,银华日利ETF,货币
2026-07-10,511880,银华日利ETF,货币
2026-07-13,511880,银华日利ETF,货币
2026-07-14,511880,银华日利ETF,货币
2026-07-15,511880,银华日利ETF,货币
2026-07-16,511880,银华日利ETF,货币
2026-07-17,511880,银华日利ETF,货币
2026-07-20,511880,银华日利ETF,货币
2026-07-21,511880,银华日利ETF,货币
2026-07-22,511880,银华日利ETF,货币
2026-07-23,511880,银华日利ETF,货币
2026-07-24,511880,银华日利ETF,货币
2026-07-27,511880,银华日利ETF,货币
2026-07-28,511880,银华日利ETF,货币
2026-07-29,511880,银华日利ETF,货币
2026-07-30,511880,银华日利ETF,货币
2026-07-31,511880,银华日利ETF,货币
2026-08-03,510880,红利ETF华泰柏瑞,红利
2026-08-04,510880,红利ETF华泰柏瑞,红利
2026-08-05,510880,红利ETF华泰柏瑞,红利
2026-08-06,510880,红利ETF华泰柏瑞,红利
2026-08-07,510880,红利ETF华泰柏瑞,红利
2026-08-10,510880,红利ETF华泰柏瑞,红利
2026-08-11,510880,红利ETF华泰柏瑞,红利
2026-08-12,510880,红利ETF华泰柏瑞,红利
2026-08-13,510880,红利ETF华泰柏瑞,红利
2026-08-14,510880,红利ETF华泰柏瑞,红利
