pick_mode,mom_wins,rebal_n,abs_thresh,ma_win,trail_stop,risk_adj,calmar,ann,mdd,sharpe,total,years,max_hold,dist
class,"(10, 20, 60)",10,0.0,20,0.05,True,1.2901215324167763,0.22994905817442368,0.1782382918170985,1.0160876801245617,1.5422423866039128,4.508064516129032,1,4.509878467583223
class,"(10, 20, 60)",10,0.0,60,0.05,True,1.2510165436584777,0.2312543848462456,0.18485317881565688,1.0166575764987362,1.5544280052377264,4.508064516129032,1,4.548983456341523
class,"(10, 20, 60)",5,0.0,60,0.05,True,0.7503346530284344,0.17166867504149042,0.22878947993220955,0.7506519271752984,1.0425681864786194,4.508064516129032,1,5.049665346971565
class,"(20, 60)",10,0.0,20,0.05,True,0.7180706367436956,0.1334522707202639,0.18584838857280506,0.6808321785169142,0.7589492194897702,4.508064516129032,1,5.081929363256304
class,"(10, 20, 60)",10,0.08,60,0.05,True,0.6082254101940978,0.1307393116899167,0.21495207122010074,0.6937581641381408,0.7400493010738556,4.508064516129032,1,5.1917745898059025
class,"(10, 20, 60)",10,0.08,20,0.05,True,0.6035269623190012,0.129729370587645,0.21495207122010074,0.69160333730847,0.7330540256073002,4.508064516129032,1,5.196473037680999
class,"(10, 20, 60)",5,0.08,60,0.05,True,0.520021217462581,0.11403144909277718,0.21928230092069756,0.5866688569454993,0.6271093300060833,4.508064516129032,1,5.279978782537419
class,"(10, 20, 60)",5,0.0,20,0.05,True,0.4397375561876012,0.1370677645390077,0.31170356638933916,0.6562783742461574,0.784384549581431,4.508064516129032,1,5.360262443812399
all,"(10, 20, 60)",10,0.08,20,0.05,True,0.3755276725863523,0.1144602400705721,0.3047984168044289,0.5444185668981104,0.6299345238107923,4.508064516129032,1,5.424472327413648
all,"(10, 20, 60)",10,0.08,60,0.05,True,0.3755276725863523,0.1144602400705721,0.3047984168044289,0.5444185668981104,0.6299345238107923,4.508064516129032,1,5.424472327413648
all,"(10, 20, 60)",10,0.0,60,0.05,True,0.36180639209372223,0.12168104089941378,0.33631534311835365,0.5573985293680122,0.6780866382450668,4.508064516129032,1,5.438193607906277
class,"(10, 20, 60)",5,0.0,20,0.08,True,0.3469599775766959,0.09546395682290587,0.2751440021689633,0.48470663886709336,0.5083799725621148,4.508064516129032,1,5.453040022423304
all,"(10, 20, 60)",10,0.0,20,0.05,True,0.30255984826894045,0.10287132472872784,0.3400032268567481,0.4961940000532887,0.5549081670262213,4.508064516129032,1,5.497440151731059
class,"(10, 20, 60)",5,0.0,60,0.08,True,0.28668165460091627,0.0788787377953164,0.27514400216896295,0.42228253003581706,0.4081300365153808,4.508064516129032,1,5.5133183453990835
class,"(20, 60)",10,0.0,60,0.05,True,0.266809857261827,0.07342118225005545,0.2751816705857515,0.42784096691498114,0.376302413948574,4.508064516129032,1,5.533190142738173
all,"(20, 60)",10,0.0,60,0.05,True,0.26091926308698515,0.08770279572554407,0.3361300146563182,0.4514897726786261,0.46079925623418583,4.508064516129032,1,5.539080736913014
all,"(20, 60)",10,0.08,60,0.05,True,0.24277407140683527,0.08160365218015353,0.336130014656318,0.4339109222250361,0.4242341528293543,4.508064516129032,1,5.557225928593165
all,"(60,)",10,0.08,60,0.05,True,0.24027590234065588,0.06475952425025433,0.2695215109771609,0.3702038578570879,0.3269411774437716,4.508064516129032,1,5.559724097659344
class,"(10, 20, 60)",10,0.0,20,0.08,True,0.22331254334749653,0.07256508340962853,0.32494853321656025,0.4128514954509412,0.3713610120118198,4.508064516129032,1,5.576687456652503
class,"(60,)",10,0.0,20,0.05,True,0.21736237026251612,0.05258049554701927,0.24190247595991876,0.3628195456579624,0.25987776220476677,4.508064516129032,1,5.582637629737484
class,"(20, 60)",10,0.08,20,0.05,True,0.21714317893956545,0.051173444636396725,0.23566682999809607,0.34460845614777935,0.25230325000546805,4.508064516129032,1,5.582856821060434
class,"(10, 20, 60)",5,0.08,20,0.05,True,0.21178967339827143,0.06455509032788553,0.304807544636463,0.39662807202433764,0.3257930318555162,4.508064516129032,1,5.588210326601728
class,"(20, 60)",10,0.0,20,0.08,True,0.1960556627944557,0.06676937905405911,0.3405633793095789,0.3894873380476318,0.33827020814681896,4.508064516129032,1,5.603944337205544
class,"(10, 20, 60)",5,0.08,20,0.08,True,0.17306048041933272,0.04437230617675869,0.25639768287504316,0.3026183980108074,0.2161891395771609,4.508064516129032,1,5.6269395195806675
class,"(10, 20, 60)",5,0.08,60,0.08,True,0.16873998961374065,0.043264542345321955,0.25639768287504316,0.29797089970417245,0.21038450294229571,4.508064516129032,1,5.631260010386259
class,"(10, 20, 60)",10,0.0,60,0.08,True,0.16071794035566742,0.054734644883201566,0.3405633793095797,0.34215092319402585,0.271543114988539,4.508064516129032,1,5.639282059644333
class,"(20, 60)",10,0.08,60,0.05,True,0.1414966421034017,0.03271949235469829,0.23123864897647406,0.2584502043193517,0.15620127906943382,4.508064516129032,1,5.658503357896598
class,"(60,)",5,0.08,60,0.05,True,0.11635305954291514,0.03511826659819106,0.30182503783012427,0.2678041125920628,0.1683575343850119,4.508064516129032,1,5.683646940457085
class,"(60,)",10,0.08,20,0.05,True,0.09602071785948779,0.028441146063390876,0.2961980153596676,0.2436660686329731,0.13476443963639095,4.508064516129032,1,5.703979282140512
all,"(20, 60)",10,0.08,20,0.05,True,0.08485002418361669,0.028520639872428033,0.3361300146563182,0.2365904394576903,0.13515990512075904,4.508064516129032,1,5.7151499758163835
class,"(60,)",10,0.08,20,0.08,True,0.07574378222076678,0.02634830345180883,0.34786094223566355,0.22965558026142682,0.1243914804604278,4.508064516129032,1,5.724256217779233
class,"(60,)",10,0.08,60,0.08,True,0.06498743779810362,0.021963842462747296,0.33797058642290734,0.20914837942778297,0.10289960303710366,4.508064516129032,1,5.735012562201896
class,"(20, 60)",10,0.08,20,0.08,True,0.03670707589044005,0.010999420750886557,0.29965396273232525,0.1614604969100268,0.05055161371017225,4.508064516129032,1,5.763292924109559
class,"(60,)",5,0.0,20,0.05,True,0.03498816425201424,0.008185910992375423,0.23396228888756765,0.14417228825599995,0.03743611296297367,4.508064516129032,1,5.765011835747986
class,"(60,)",10,0.0,20,0.08,True,0.02758324028608189,0.009595131955829173,0.347860942235664,0.1527653119462222,0.04398933186534104,4.508064516129032,1,5.772416759713918
class,"(20, 60)",10,0.08,60,0.08,True,0.02021038051547037,0.006056120609788884,0.2996539627323259,0.1398276414085355,0.027592866636844793,4.508064516129032,1,5.7797896194845295
class,"(60,)",5,0.08,20,0.05,True,0.012905936449456224,0.003715579908407207,0.2878969629951772,0.1193968063170509,0.016859577884354993,4.508064516129032,1,5.787094063550543
class,"(60,)",10,0.08,60,0.05,True,-0.011026068168823882,-0.003113372993517216,0.2823647510470009,0.08423864813465001,-0.013958839491164166,4.508064516129032,1,5.8110260681688235
class,"(60,)",5,0.0,60,0.05,True,-0.03626207374613612,-0.015897424650269665,0.43840362692890955,0.04374869113172729,-0.0696946222654633,4.508064516129032,1,5.836262073746136
class,"(20, 60)",5,0.0,60,0.05,True,-0.037839149019831285,-0.014760881932911918,0.39009550466306264,0.07506423335615754,-0.06484128162932934,4.508064516129032,1,5.837839149019831
class,"(10, 20, 60)",10,0.08,20,0.08,True,-0.03958718180409002,-0.011862455901000546,0.2996539627323245,0.052714038465674865,-0.05237500513461746,4.508064516129032,1,5.83958718180409
class,"(10, 20, 60)",10,0.08,60,0.08,True,-0.03958718180409002,-0.011862455901000546,0.2996539627323245,0.052714038465674865,-0.05237500513461746,4.508064516129032,1,5.83958718180409
all,"(60,)",10,0.0,60,0.05,True,-0.04450195435698924,-0.021289027880702083,0.4783841111768733,0.04761725912532927,-0.09245182080918712,4.508064516129032,1,5.844501954356989
class,"(20, 60)",5,0.0,20,0.05,True,-0.04772944842646006,-0.017986469652161996,0.376842185383201,0.053224335257212735,-0.07856425974707004,4.508064516129032,1,5.84772944842646
class,"(60,)",10,0.0,60,0.05,True,-0.04795285343032871,-0.012933951821224254,0.26972225625772517,0.040893654488587325,-0.05699853520156062,4.508064516129032,1,5.8479528534303284
class,"(20, 60)",5,0.08,60,0.05,True,-0.0597206350399736,-0.024938021643728603,0.4175779716179593,0.020651756993682435,-0.10760619135214244,4.508064516129032,1,5.859720635039974
all,"(20, 60)",10,0.0,20,0.05,True,-0.07725068830424188,-0.03708273972803,0.48003118861523164,-0.02603176345220517,-0.15663024019798888,4.508064516129032,1,5.877250688304242
class,"(20, 60)",5,0.0,20,0.08,True,-0.08132052288015339,-0.03706034242276601,0.45573172810735507,-0.006004770103881377,-0.15654180347046265,4.508064516129032,1,5.881320522880153
all,"(10, 20, 60)",10,0.0,60,0.08,True,-0.10851027989245648,-0.05931304316364494,0.5466122032164099,-0.0523340196066624,-0.24091764162766727,4.508064516129032,1,5.9085102798924565
class,"(20, 60)",5,0.08,20,0.08,True,-0.11101806264002108,-0.04824769277589758,0.4345931790607981,-0.06488917149682122,-0.19982582952665262,4.508064516129032,1,5.911018062640021
class,"(60,)",10,0.0,60,0.08,True,-0.11163958344635312,-0.033023488415595104,0.295804475403333,-0.03962568002593694,-0.14048383531092878,4.508064516129032,1,5.911639583446353
class,"(20, 60)",5,0.08,60,0.08,True,-0.1269742026466669,-0.05740233071113965,0.452078686179066,-0.09502462717995334,-0.2339421247422181,4.508064516129032,1,5.926974202646667
class,"(20, 60)",5,0.08,20,0.05,True,-0.1321914565714178,-0.053527209229407124,0.40492185060755803,-0.11632710263922863,-0.21964193384104735,4.508064516129032,1,5.9321914565714176
class,"(20, 60)",10,0.0,60,0.08,True,-0.14831172935258116,-0.059236768759917124,0.399407174459504,-0.12030799199893318,-0.24064013428003694,4.508064516129032,1,5.948311729352581
all,"(10, 20, 60)",10,0.08,60,0.08,True,-0.15576652872116456,-0.08757238591474559,0.5622028470025654,-0.17983467271886971,-0.33843592804239364,4.508064516129032,1,5.955766528721164
all,"(10, 20, 60)",10,0.08,20,0.08,True,-0.15576652872116456,-0.08757238591474559,0.5622028470025654,-0.17983467271886971,-0.33843592804239364,4.508064516129032,1,5.955766528721164
all,"(20, 60)",10,0.0,60,0.08,True,-0.1792421394183741,-0.07713878437103505,0.4303607657292198,-0.12054403567032562,-0.30364192244040344,4.508064516129032,1,5.979242139418374
all,"(60,)",5,0.08,60,0.05,True,-0.18427490490921733,-0.09903587516322232,0.5374354973185966,-0.1986362688690585,-0.3750885526792216,4.508064516129032,1,5.984274904909217
all,"(60,)",10,0.08,20,0.05,True,-0.18692621783530974,-0.06677689008549026,0.35723661912596794,-0.16469164639614411,-0.26769393731600044,4.508064516129032,1,5.986926217835309
class,"(20, 60)",5,0.0,60,0.08,True,-0.1883611852233186,-0.08576753154120487,0.4553354845347781,-0.1866246335739755,-0.33251605365100656,4.508064516129032,1,5.988361185223319
all,"(10, 20, 60)",10,0.0,20,0.08,True,-0.18956977663253582,-0.10589719775647122,0.5586185711541114,-0.21704570375339183,-0.39625782433811474,4.508064516129032,1,5.9895697766325355
all,"(20, 60)",10,0.0,20,0.08,True,-0.1916879557824488,-0.07557868335353046,0.39427977123041835,-0.13153654827457975,-0.2983192866993496,4.508064516129032,1,5.9916879557824485
all,"(10, 20, 60)",5,0.0,60,0.05,True,-0.19363306171365977,-0.10261220894851675,0.5299312423219201,-0.18749997230292645,-0.3861934582128953,4.508064516129032,1,5.99363306171366
all,"(20, 60)",5,0.08,60,0.05,True,-0.21180409479725185,-0.10204902024837004,0.4818085332394344,-0.19711447855202596,-0.38445496310247684,4.508064516129032,1,6.0118040947972515
all,"(10, 20, 60)",5,0.0,20,0.05,True,-0.2133728136608119,-0.11307292022099769,0.5299312423219205,-0.22637682047966365,-0.4177957667192902,4.508064516129032,1,6.013372813660812
all,"(60,)",5,0.0,60,0.05,True,-0.2235156154267079,-0.12295852036907773,0.5501115442620901,-0.2835889748495153,-0.4464828429599256,4.508064516129032,1,6.0235156154267075
all,"(20, 60)",10,0.08,20,0.08,True,-0.23111670539863716,-0.09284599519311099,0.40172775495811686,-0.21058694892329646,-0.35549941222041637,4.508064516129032,1,6.031116705398637
all,"(20, 60)",10,0.08,60,0.08,True,-0.23414413737484638,-0.10076645025164654,0.4303607657292199,-0.22099794436819226,-0.38048152553119174,4.508064516129032,1,6.034144137374846
class,"(60,)",5,0.08,20,0.08,True,-0.23768614269952082,-0.11475379718726264,0.48279548771310843,-0.42708083762138577,-0.42275334641537277,4.508064516129032,1,6.0376861426995205
class,"(60,)",5,0.08,60,0.08,True,-0.23927875028542667,-0.09803212076638912,0.40969839841377587,-0.3161902912609994,-0.371943867293832,4.508064516129032,1,6.039278750285426
all,"(60,)",10,0.0,20,0.05,True,-0.24005178505409103,-0.12412165406561637,0.5170619915933887,-0.4251916446797849,-0.44978441214900644,4.508064516129032,1,6.040051785054091
all,"(20, 60)",5,0.08,60,0.08,True,-0.25572723954639,-0.12681052263857495,0.495881951658775,-0.24212886510229162,-0.45735814446355383,4.508064516129032,1,6.05572723954639
class,"(60,)",5,0.0,20,0.08,True,-0.2613567618503765,-0.12447328265719071,0.4762581299826868,-0.4533448067508703,-0.4507794911965485,4.508064516129032,1,6.0613567618503765
all,"(60,)",5,0.08,20,0.05,True,-0.262036178593267,-0.13786049470176476,0.526112445395382,-0.41465031736026714,-0.4876350403743387,4.508064516129032,1,6.062036178593267
all,"(20, 60)",5,0.08,20,0.05,True,-0.26306484351009396,-0.12674688639845977,0.4818085332394346,-0.2911695612032969,-0.4571798429843913,4.508064516129032,1,6.063064843510094
all,"(20, 60)",5,0.08,20,0.08,True,-0.263752164754273,-0.12462034730430505,0.4724903297776103,-0.24195743089672,-0.45119525606923394,4.508064516129032,1,6.0637521647542725
all,"(60,)",5,0.0,20,0.05,True,-0.26491225505464167,-0.15381829203218567,0.5806386420305796,-0.47650262422982853,-0.5290211799627762,4.508064516129032,1,6.064912255054642
all,"(20, 60)",5,0.0,60,0.08,True,-0.2820621448882017,-0.1452367486392998,0.5149104595260946,-0.2939419883313427,-0.5071024489641238,4.508064516129032,1,6.0820621448882015
class,"(60,)",5,0.0,60,0.08,True,-0.28358849318745044,-0.13961887505416648,0.4923291262099241,-0.4842554690034075,-0.4923291262099241,4.508064516129032,1,6.083588493187451
all,"(20, 60)",5,0.0,20,0.08,True,-0.28362034021387894,-0.14685169488977057,0.5177756108007954,-0.30835892191278996,-0.5112867185666803,4.508064516129032,1,6.083620340213879
all,"(20, 60)",5,0.0,60,0.05,True,-0.2844885366872226,-0.14638220219720777,0.5145451690313478,-0.3497263078406102,-0.5100731403722482,4.508064516129032,1,6.084488536687222
all,"(10, 20, 60)",5,0.08,60,0.05,True,-0.2924185371719839,-0.17523437848838874,0.59925878907371,-0.5118825809819241,-0.5804219872403367,4.508064516129032,1,6.092418537171984
all,"(10, 20, 60)",5,0.08,20,0.05,True,-0.2958265956905835,-0.1809106357358462,0.6115428374975036,-0.5358724702002485,-0.5932834461713645,4.508064516129032,1,6.095826595690584
all,"(20, 60)",5,0.0,20,0.05,True,-0.29738321318045835,-0.1705480575549344,0.5734959136763456,-0.44618635008370805,-0.5695669415545589,4.508064516129032,1,6.097383213180458
all,"(60,)",10,0.08,20,0.08,True,-0.30314957893080613,-0.18548282251889248,0.6118524827680164,-0.6301114051430431,-0.6034183932191663,4.508064516129032,1,6.103149578930806
all,"(60,)",10,0.0,20,0.08,True,-0.30420243420834214,-0.1873281884586182,0.6158010830719418,-0.6335226197981719,-0.6074527929861243,4.508064516129032,1,6.104202434208342
all,"(10, 20, 60)",5,0.0,60,0.08,True,-0.30428252747173645,-0.18407672570082,0.6049533216064078,-0.4286442203410004,-0.6003227378303656,4.508064516129032,1,6.104282527471736
all,"(60,)",10,0.08,60,0.08,True,-0.3066988746584632,-0.18793796399704088,0.6127768294106939,-0.6172836340543862,-0.6087788592293291,4.508064516129032,1,6.106698874658463
all,"(60,)",10,0.0,60,0.08,True,-0.3096768166957898,-0.19327456731660975,0.6241170048789042,-0.6353997167913772,-0.6202361188154768,4.508064516129032,1,6.1096768166957895
all,"(10, 20, 60)",5,0.0,20,0.08,True,-0.3112166011298051,-0.19646613025801718,0.631284223093463,-0.47619514971477445,-0.626962279920932,4.508064516129032,1,6.111216601129805
all,"(10, 20, 60)",5,0.08,60,0.08,True,-0.32137221659103055,-0.21940039470178208,0.6826987006813504,-0.5971127407118051,-0.6726141086778752,4.508064516129032,1,6.1213722165910305
all,"(10, 20, 60)",5,0.08,20,0.08,True,-0.3214231412086434,-0.21962268267270735,0.6832821116950787,-0.598930800964688,-0.6730341778288778,4.508064516129032,1,6.121423141208643
all,"(60,)",5,0.08,20,0.08,True,-0.34716882128087706,-0.2551777055413752,0.7350248348912749,-0.8004036646064746,-0.7350248348912749,4.508064516129032,1,6.147168821280877
all,"(60,)",5,0.0,20,0.08,True,-0.34786817476552045,-0.25633645203211797,0.7368781355319463,-0.7975512467057103,-0.7368781355319463,4.508064516129032,1,6.14786817476552
all,"(60,)",5,0.08,60,0.08,True,-0.35867347995363125,-0.2739814244821651,0.7638742192971306,-0.8102488953103262,-0.7638742192971306,4.508064516129032,1,6.158673479953631
all,"(60,)",5,0.0,60,0.08,True,-0.3609240107738494,-0.27759738711934245,0.769129730449775,-0.8164832103042315,-0.769129730449775,4.508064516129032,1,6.160924010773849
